<metadata xml:lang="en"><Esri><CreaDate>20140607</CreaDate><CreaTime>00053600</CreaTime><SyncOnce>FALSE</SyncOnce><SyncDate>20260128</SyncDate><SyncTime>20121000</SyncTime><ModDate>20260128</ModDate><ModTime>20121000</ModTime><DataProperties><lineage><Process ToolSource="C:\Program Files\ArcGIS\Desktop10.0\ArcToolbox\Toolboxes\Data Management Tools.tbx\AddSpatialIndex" Date="20121104" Time="132138" Name="" export="">AddSpatialIndex "C:\\Documents and Settings\\BOIVINM\\Application Data\\ESRI\\Desktop10.0\\ArcCatalog\\\ModelBuilder_CFWGIS as sde.sde\CFWGIS.SDE.ADM_TIFS" 33000 0 0</Process><Process ToolSource="C:\Program Files (x86)\ArcGIS\Desktop10.0\ArcToolbox\Toolboxes\Data Management Tools.tbx\ChangePrivileges" Date="20140221" Time="081223" Name="" export="">ChangePrivileges 'Database Connections\SDE to CFWGIS on GS009.sde\CFWGIS.SDE.ADM_TIFS' public GRANT #</Process><Process ToolSource="c:\program files (x86)\arcgis\desktop10.1\ArcToolbox\Toolboxes\Data Management Tools.tbx\Analyze" Date="20160516" Time="120120" Name="" export="">Analyze "Database Connections\CFWGIS_PROD_OSA.sde\CFWGIS.DBO.ADM_TIFS" BUSINESS;ADDS;DELETES</Process><Process ToolSource="c:\program files (x86)\arcgis\desktop10.1\ArcToolbox\Toolboxes\Data Management Tools.tbx\Analyze" Date="20160516" Time="120312" Name="" export="">Analyze "Database Connections\CFWGIS_PROD_OSA.sde\CFWGIS.DBO.ADM_TIFS" BUSINESS;ADDS;DELETES</Process><Process ToolSource="c:\program files (x86)\arcgis\desktop10.1\ArcToolbox\Toolboxes\Data Management Tools.tbx\ChangePrivileges" Date="20160721" Time="150024" Name="" export="">ChangePrivileges 'Database Connections\CFWGIS_PROD_OSA.sde\CFWGIS.DBO.ADM_ADOPTED_NEZ';'Database Connections\CFWGIS_PROD_OSA.sde\CFWGIS.DBO.ADM_ADOPTED_NEZ';'Database Connections\CFWGIS_PROD_OSA.sde\CFWGIS.DBO.ADM_AFTER_SCHOOL_PROGRAMS';'Database Connections\CFWGIS_PROD_OSA.sde\CFWGIS.DBO.ADM_ALL_HISTORIC_DISTRICTS';'Database Connections\CFWGIS_PROD_OSA.sde\CFWGIS.DBO.ADM_BOA_CASES';'Database Connections\CFWGIS_PROD_OSA.sde\CFWGIS.DBO.ADM_CBD_H_ZONING';'Database Connections\CFWGIS_PROD_OSA.sde\CFWGIS.DBO.ADM_CBD_SCENIC_PRESERVATION';'Database Connections\CFWGIS_PROD_OSA.sde\CFWGIS.DBO.ADM_CENTRAL_CITY_BOUNDARY';'Database Connections\CFWGIS_PROD_OSA.sde\CFWGIS.DBO.ADM_COMMERCIAL_CORRIDORS';'Database Connections\CFWGIS_PROD_OSA.sde\CFWGIS.DBO.ADM_ENTERPRIZE_ZONES';'Database Connections\CFWGIS_PROD_OSA.sde\CFWGIS.DBO.ADM_EXISTING_MULTIFAMILY';'Database Connections\CFWGIS_PROD_OSA.sde\CFWGIS.DBO.ADM_FOREIGN_TRADE_ZONES';'Database Connections\CFWGIS_PROD_OSA.sde\CFWGIS.DBO.ADM_GROWTH_CENTERS';'Database Connections\CFWGIS_PROD_OSA.sde\CFWGIS.DBO.ADM_HISTORIC_PROPERTIES';'Database Connections\CFWGIS_PROD_OSA.sde\CFWGIS.DBO.ADM_HISTORIC_STUDY_AREAS';'Database Connections\CFWGIS_PROD_OSA.sde\CFWGIS.DBO.ADM_HOSPITALS';'Database Connections\CFWGIS_PROD_OSA.sde\CFWGIS.DBO.ADM_LOCAL_HISTORIC';'Database Connections\CFWGIS_PROD_OSA.sde\CFWGIS.DBO.ADM_NATIONAL_HISTORIC';'Database Connections\CFWGIS_PROD_OSA.sde\CFWGIS.DBO.ADM_PLANNING_AREA_PLANS';'Database Connections\CFWGIS_PROD_OSA.sde\CFWGIS.DBO.ADM_PLANNING_SECTORS';'Database Connections\CFWGIS_PROD_OSA.sde\CFWGIS.DBO.ADM_PLANNING_ZONING_CASES';'Database Connections\CFWGIS_PROD_OSA.sde\CFWGIS.DBO.ADM_PLANNING_ZONING_CASES_2005';'Database Connections\CFWGIS_PROD_OSA.sde\CFWGIS.DBO.ADM_PLANNING_ZONING_CASES_2006';'Database Connections\CFWGIS_PROD_OSA.sde\CFWGIS.DBO.ADM_PLANNING_ZONING_CASES_2007';'Database Connections\CFWGIS_PROD_OSA.sde\CFWGIS.DBO.ADM_PLANNING_ZONING_CASES_2008';'Database Connections\CFWGIS_PROD_OSA.sde\CFWGIS.DBO.ADM_PLANNING_ZONING_CASES_2015';'Database Connections\CFWGIS_PROD_OSA.sde\CFWGIS.DBO.ADM_PLANNING_ZONING_CHANGES';'Database Connections\CFWGIS_PROD_OSA.sde\CFWGIS.DBO.ADM_PROPOSED_HISTORIC';'Database Connections\CFWGIS_PROD_OSA.sde\CFWGIS.DBO.ADM_SCENIC_AREAS';'Database Connections\CFWGIS_PROD_OSA.sde\CFWGIS.DBO.ADM_SCENIC_CORRIDORS';'Database Connections\CFWGIS_PROD_OSA.sde\CFWGIS.DBO.ADM_SCHOOLS';'Database Connections\CFWGIS_PROD_OSA.sde\CFWGIS.DBO.ADM_SOB';'Database Connections\CFWGIS_PROD_OSA.sde\CFWGIS.DBO.ADM_SOB_BUFFER';'Database Connections\CFWGIS_PROD_OSA.sde\CFWGIS.DBO.ADM_TIFS';'Database Connections\CFWGIS_PROD_OSA.sde\CFWGIS.DBO.ADM_URBAN_VILLAGES';'Database Connections\CFWGIS_PROD_OSA.sde\CFWGIS.DBO.ADM_ZONING_CLASSIFICATIONS';'Database Connections\CFWGIS_PROD_OSA.sde\CFWGIS.DBO.CAD_INSPECTION_DISTRICTS';'Database Connections\CFWGIS_PROD_OSA.sde\CFWGIS.DBO.ENV_AIRPORT_NOISE_CONTOURS';'Database Connections\CFWGIS_PROD_OSA.sde\CFWGIS.DBO.HGM_CDBG_ELIGIBLE_AREA';'Database Connections\CFWGIS_PROD_OSA.sde\CFWGIS.DBO.HGM_CDBG_ELIGIBLE_AREA_H';'Database Connections\CFWGIS_PROD_OSA.sde\CFWGIS.DBO.HGM_DESIG_BUILDING_AREAS';'Database Connections\CFWGIS_PROD_OSA.sde\CFWGIS.DBO.HGM_FED_TARGET_AREAS';'Database Connections\CFWGIS_PROD_OSA.sde\CFWGIS.DBO.HGM_MODEL_BLOCKS';'Database Connections\CFWGIS_PROD_OSA.sde\CFWGIS.DBO.HGM_SPECIAL_TARGET_AREAS';'Database Connections\CFWGIS_PROD_OSA.sde\CFWGIS.DBO.IDX_ZONE_GRID';'Database Connections\CFWGIS_PROD_OSA.sde\CFWGIS.DBO.LND_COMP_PLAN';'Database Connections\CFWGIS_PROD_OSA.sde\CFWGIS.DBO.LND_COMP_PLAN_2006';'Database Connections\CFWGIS_PROD_OSA.sde\CFWGIS.DBO.LND_COMP_PLAN_2007';'Database Connections\CFWGIS_PROD_OSA.sde\CFWGIS.DBO.LND_COMP_PLAN_2009';'Database Connections\CFWGIS_PROD_OSA.sde\CFWGIS.DBO.LND_COMP_PLAN_2010';'Database Connections\CFWGIS_PROD_OSA.sde\CFWGIS.DBO.LND_COMP_PLAN_2011';'Database Connections\CFWGIS_PROD_OSA.sde\CFWGIS.DBO.LND_COMP_PLAN_2012';'Database Connections\CFWGIS_PROD_OSA.sde\CFWGIS.DBO.LND_COMP_PLAN_2015';'Database Connections\CFWGIS_PROD_OSA.sde\CFWGIS.DBO.LND_COMP_PLAN_2017';'Database Connections\CFWGIS_PROD_OSA.sde\CFWGIS.DBO.POL_2010_CENSUS_BLOCK_GROUPS';'Database Connections\CFWGIS_PROD_OSA.sde\CFWGIS.DBO.POL_2010_CENSUS_BLOCKS';'Database Connections\CFWGIS_PROD_OSA.sde\CFWGIS.DBO.POL_2010_CENSUS_TRACTS';'Database Connections\CFWGIS_PROD_OSA.sde\CFWGIS.DBO.POL_DISANNEXATION';'Database Connections\CFWGIS_PROD_OSA.sde\CFWGIS.DBO.POL_PID_BOUNDARIES';'Database Connections\CFWGIS_PROD_OSA.sde\CFWGIS.DBO.POL_VOTER_PRECINCTS';'Database Connections\CFWGIS_PROD_OSA.sde\CFWGIS.DBO.POL_WET_DRY_TARRANT';'Database Connections\CFWGIS_PROD_OSA.sde\CFWGIS.DBO.SRV_CHILD_CARE_FACILITIES';'Database Connections\CFWGIS_PROD_OSA.sde\CFWGIS.DBO.SRV_LIBRARIES';'Database Connections\CFWGIS_PROD_OSA.sde\CFWGIS.DBO.SRV_PLACES_OF_WORSHIP';'Database Connections\CFWGIS_PROD_OSA.sde\CFWGIS.DBO.TRN_AIRPORT_HAZARD_AREAS';'Database Connections\CFWGIS_PROD_OSA.sde\CFWGIS.DBO.TRN_AIRPORT_HEIGHT_REVIEW';'Database Connections\CFWGIS_PROD_OSA.sde\CFWGIS.DBO.UTL_COMPRESSOR_LOCATIONS';'Database Connections\CFWGIS_PROD_OSA.sde\CFWGIS.DBO.UTL_DISTRICTS';'Database Connections\CFWGIS_PROD_OSA.sde\CFWGIS.DBO.UTL_DISTRICTS_ANNO';'Database Connections\CFWGIS_PROD_OSA.sde\CFWGIS.DBO.UTL_GASWELL_LOCATIONS';'Database Connections\CFWGIS_PROD_OSA.sde\CFWGIS.DBO.UTL_PADSITE_DRILL_AREA' WatkinN GRANT GRANT</Process><Process ToolSource="c:\program files (x86)\arcgis\desktop10.1\ArcToolbox\Toolboxes\Data Management Tools.tbx\ChangePrivileges" Date="20160721" Time="150253" Name="" export="">ChangePrivileges 'Database Connections\CFWGIS_PROD_OSA.sde\CFWGIS.DBO.ADM_ADOPTED_NEZ';'Database Connections\CFWGIS_PROD_OSA.sde\CFWGIS.DBO.ADM_ADOPTED_NEZ';'Database Connections\CFWGIS_PROD_OSA.sde\CFWGIS.DBO.ADM_AFTER_SCHOOL_PROGRAMS';'Database Connections\CFWGIS_PROD_OSA.sde\CFWGIS.DBO.ADM_ALL_HISTORIC_DISTRICTS';'Database Connections\CFWGIS_PROD_OSA.sde\CFWGIS.DBO.ADM_BOA_CASES';'Database Connections\CFWGIS_PROD_OSA.sde\CFWGIS.DBO.ADM_CBD_H_ZONING';'Database Connections\CFWGIS_PROD_OSA.sde\CFWGIS.DBO.ADM_CBD_SCENIC_PRESERVATION';'Database Connections\CFWGIS_PROD_OSA.sde\CFWGIS.DBO.ADM_CENTRAL_CITY_BOUNDARY';'Database Connections\CFWGIS_PROD_OSA.sde\CFWGIS.DBO.ADM_COMMERCIAL_CORRIDORS';'Database Connections\CFWGIS_PROD_OSA.sde\CFWGIS.DBO.ADM_ENTERPRIZE_ZONES';'Database Connections\CFWGIS_PROD_OSA.sde\CFWGIS.DBO.ADM_EXISTING_MULTIFAMILY';'Database Connections\CFWGIS_PROD_OSA.sde\CFWGIS.DBO.ADM_FOREIGN_TRADE_ZONES';'Database Connections\CFWGIS_PROD_OSA.sde\CFWGIS.DBO.ADM_GROWTH_CENTERS';'Database Connections\CFWGIS_PROD_OSA.sde\CFWGIS.DBO.ADM_HISTORIC_PROPERTIES';'Database Connections\CFWGIS_PROD_OSA.sde\CFWGIS.DBO.ADM_HISTORIC_STUDY_AREAS';'Database Connections\CFWGIS_PROD_OSA.sde\CFWGIS.DBO.ADM_HOSPITALS';'Database Connections\CFWGIS_PROD_OSA.sde\CFWGIS.DBO.ADM_LOCAL_HISTORIC';'Database Connections\CFWGIS_PROD_OSA.sde\CFWGIS.DBO.ADM_NATIONAL_HISTORIC';'Database Connections\CFWGIS_PROD_OSA.sde\CFWGIS.DBO.ADM_PLANNING_AREA_PLANS';'Database Connections\CFWGIS_PROD_OSA.sde\CFWGIS.DBO.ADM_PLANNING_SECTORS';'Database Connections\CFWGIS_PROD_OSA.sde\CFWGIS.DBO.ADM_PLANNING_ZONING_CASES';'Database Connections\CFWGIS_PROD_OSA.sde\CFWGIS.DBO.ADM_PLANNING_ZONING_CASES_2005';'Database Connections\CFWGIS_PROD_OSA.sde\CFWGIS.DBO.ADM_PLANNING_ZONING_CASES_2006';'Database Connections\CFWGIS_PROD_OSA.sde\CFWGIS.DBO.ADM_PLANNING_ZONING_CASES_2007';'Database Connections\CFWGIS_PROD_OSA.sde\CFWGIS.DBO.ADM_PLANNING_ZONING_CASES_2008';'Database Connections\CFWGIS_PROD_OSA.sde\CFWGIS.DBO.ADM_PLANNING_ZONING_CASES_2015';'Database Connections\CFWGIS_PROD_OSA.sde\CFWGIS.DBO.ADM_PLANNING_ZONING_CHANGES';'Database Connections\CFWGIS_PROD_OSA.sde\CFWGIS.DBO.ADM_PROPOSED_HISTORIC';'Database Connections\CFWGIS_PROD_OSA.sde\CFWGIS.DBO.ADM_SCENIC_AREAS';'Database Connections\CFWGIS_PROD_OSA.sde\CFWGIS.DBO.ADM_SCENIC_CORRIDORS';'Database Connections\CFWGIS_PROD_OSA.sde\CFWGIS.DBO.ADM_SCHOOLS';'Database Connections\CFWGIS_PROD_OSA.sde\CFWGIS.DBO.ADM_SOB';'Database Connections\CFWGIS_PROD_OSA.sde\CFWGIS.DBO.ADM_SOB_BUFFER';'Database Connections\CFWGIS_PROD_OSA.sde\CFWGIS.DBO.ADM_TIFS';'Database Connections\CFWGIS_PROD_OSA.sde\CFWGIS.DBO.ADM_URBAN_VILLAGES';'Database Connections\CFWGIS_PROD_OSA.sde\CFWGIS.DBO.ADM_ZONING_CLASSIFICATIONS';'Database Connections\CFWGIS_PROD_OSA.sde\CFWGIS.DBO.CAD_INSPECTION_DISTRICTS';'Database Connections\CFWGIS_PROD_OSA.sde\CFWGIS.DBO.ENV_AIRPORT_NOISE_CONTOURS';'Database Connections\CFWGIS_PROD_OSA.sde\CFWGIS.DBO.HGM_CDBG_ELIGIBLE_AREA';'Database Connections\CFWGIS_PROD_OSA.sde\CFWGIS.DBO.HGM_CDBG_ELIGIBLE_AREA_H';'Database Connections\CFWGIS_PROD_OSA.sde\CFWGIS.DBO.HGM_DESIG_BUILDING_AREAS';'Database Connections\CFWGIS_PROD_OSA.sde\CFWGIS.DBO.HGM_FED_TARGET_AREAS';'Database Connections\CFWGIS_PROD_OSA.sde\CFWGIS.DBO.HGM_MODEL_BLOCKS';'Database Connections\CFWGIS_PROD_OSA.sde\CFWGIS.DBO.HGM_SPECIAL_TARGET_AREAS';'Database Connections\CFWGIS_PROD_OSA.sde\CFWGIS.DBO.IDX_ZONE_GRID';'Database Connections\CFWGIS_PROD_OSA.sde\CFWGIS.DBO.LND_COMP_PLAN';'Database Connections\CFWGIS_PROD_OSA.sde\CFWGIS.DBO.LND_COMP_PLAN_2006';'Database Connections\CFWGIS_PROD_OSA.sde\CFWGIS.DBO.LND_COMP_PLAN_2007';'Database Connections\CFWGIS_PROD_OSA.sde\CFWGIS.DBO.LND_COMP_PLAN_2009';'Database Connections\CFWGIS_PROD_OSA.sde\CFWGIS.DBO.LND_COMP_PLAN_2010';'Database Connections\CFWGIS_PROD_OSA.sde\CFWGIS.DBO.LND_COMP_PLAN_2011';'Database Connections\CFWGIS_PROD_OSA.sde\CFWGIS.DBO.LND_COMP_PLAN_2012';'Database Connections\CFWGIS_PROD_OSA.sde\CFWGIS.DBO.LND_COMP_PLAN_2015';'Database Connections\CFWGIS_PROD_OSA.sde\CFWGIS.DBO.LND_COMP_PLAN_2017';'Database Connections\CFWGIS_PROD_OSA.sde\CFWGIS.DBO.POL_2010_CENSUS_BLOCK_GROUPS';'Database Connections\CFWGIS_PROD_OSA.sde\CFWGIS.DBO.POL_2010_CENSUS_BLOCKS';'Database Connections\CFWGIS_PROD_OSA.sde\CFWGIS.DBO.POL_2010_CENSUS_TRACTS';'Database Connections\CFWGIS_PROD_OSA.sde\CFWGIS.DBO.POL_DISANNEXATION';'Database Connections\CFWGIS_PROD_OSA.sde\CFWGIS.DBO.POL_PID_BOUNDARIES';'Database Connections\CFWGIS_PROD_OSA.sde\CFWGIS.DBO.POL_VOTER_PRECINCTS';'Database Connections\CFWGIS_PROD_OSA.sde\CFWGIS.DBO.POL_WET_DRY_TARRANT';'Database Connections\CFWGIS_PROD_OSA.sde\CFWGIS.DBO.SRV_CHILD_CARE_FACILITIES';'Database Connections\CFWGIS_PROD_OSA.sde\CFWGIS.DBO.SRV_LIBRARIES';'Database Connections\CFWGIS_PROD_OSA.sde\CFWGIS.DBO.SRV_PLACES_OF_WORSHIP';'Database Connections\CFWGIS_PROD_OSA.sde\CFWGIS.DBO.TRN_AIRPORT_HAZARD_AREAS';'Database Connections\CFWGIS_PROD_OSA.sde\CFWGIS.DBO.TRN_AIRPORT_HEIGHT_REVIEW';'Database Connections\CFWGIS_PROD_OSA.sde\CFWGIS.DBO.UTL_COMPRESSOR_LOCATIONS';'Database Connections\CFWGIS_PROD_OSA.sde\CFWGIS.DBO.UTL_DISTRICTS';'Database Connections\CFWGIS_PROD_OSA.sde\CFWGIS.DBO.UTL_DISTRICTS_ANNO';'Database Connections\CFWGIS_PROD_OSA.sde\CFWGIS.DBO.UTL_GASWELL_LOCATIONS';'Database Connections\CFWGIS_PROD_OSA.sde\CFWGIS.DBO.UTL_PADSITE_DRILL_AREA' WhiteS REVOKE REVOKE</Process><Process ToolSource="c:\program files (x86)\arcgis\desktop10.1\ArcToolbox\Toolboxes\Data Management Tools.tbx\RemoveSpatialIndex" Date="20161009" Time="004555" Name="" export="">RemoveSpatialIndex "Database Connections/CFWGIS_PROD_OSA.sde\CFWGIS.DBO.ADM_TIFS"</Process><Process ToolSource="c:\program files (x86)\arcgis\desktop10.1\ArcToolbox\Toolboxes\Data Management Tools.tbx\AddSpatialIndex" Date="20161009" Time="004556" Name="" export="">AddSpatialIndex "Database Connections/CFWGIS_PROD_OSA.sde\CFWGIS.DBO.ADM_TIFS" -6 0 0</Process><Process ToolSource="c:\program files\arcgis\pro\Resources\ArcToolbox\toolboxes\Data Management Tools.tbx\Append" Date="20241101" Time="161546">Append Veale_Ranch_TIF_PID CFWGIS.DBO.ADM_TIFS__1 "Use the field map to reconcile field differences" "tif_id "tif_id" true true false 50 Text 0 0,First,#;Name "Name" true true false 50 Text 0 0,First,#,Veale_Ranch_TIF_PID,PROP_ID,0,49;Established "Established" true true false 8 Date 0 0,First,#;Expiration "Expiration" true true false 8 Date 0 0,First,#;Notes "Notes" true true false 100 Text 0 0,First,#" # # # NOT_UPDATE_GEOMETRY</Process><Process ToolSource="c:\program files (x86)\arcgis\desktop10.8\ArcToolbox\Toolboxes\Data Management Tools.tbx\CopyFeatures" Date="20260128" Time="201211">CopyFeatures "Database Connections\CFWGIS_PROD_OSA.sde\CFWGIS.DBO.ADM_TIFS" \\gsweb01\giszipfiles\shapefiles\ADM_TIFS.shp # 0 0 0</Process></lineage><itemProps><itemLocation><linkage Sync="TRUE">file://\\gsweb01\giszipfiles\shapefiles\ADM_TIFS.shp</linkage><protocol Sync="TRUE">Local Area Network</protocol></itemLocation><itemName Sync="TRUE">ADM_TIFS</itemName><imsContentType Sync="TRUE">002</imsContentType><nativeExtBox><westBL Sync="TRUE">2318533.179297</westBL><eastBL Sync="TRUE">2381424.279297</eastBL><southBL Sync="TRUE">6938537.350000</southBL><northBL Sync="TRUE">7065799.200000</northBL><exTypeCode Sync="TRUE">1</exTypeCode></nativeExtBox><itemSize Sync="TRUE">0.000</itemSize></itemProps><coordRef><type Sync="TRUE">Projected</type><geogcsn Sync="TRUE">GCS_North_American_1983</geogcsn><csUnits Sync="TRUE">Linear Unit: Foot_US (0.304801)</csUnits><projcsn Sync="TRUE">NAD_1983_StatePlane_Texas_North_Central_FIPS_4202_Feet</projcsn><peXml Sync="TRUE">&lt;ProjectedCoordinateSystem xsi:type='typens:ProjectedCoordinateSystem' xmlns:xsi='http://www.w3.org/2001/XMLSchema-instance' xmlns:xs='http://www.w3.org/2001/XMLSchema' xmlns:typens='http://www.esri.com/schemas/ArcGIS/10.8'&gt;&lt;WKT&gt;PROJCS[&amp;quot;NAD_1983_StatePlane_Texas_North_Central_FIPS_4202_Feet&amp;quot;,GEOGCS[&amp;quot;GCS_North_American_1983&amp;quot;,DATUM[&amp;quot;D_North_American_1983&amp;quot;,SPHEROID[&amp;quot;GRS_1980&amp;quot;,6378137.0,298.257222101]],PRIMEM[&amp;quot;Greenwich&amp;quot;,0.0],UNIT[&amp;quot;Degree&amp;quot;,0.0174532925199433]],PROJECTION[&amp;quot;Lambert_Conformal_Conic&amp;quot;],PARAMETER[&amp;quot;False_Easting&amp;quot;,1968500.0],PARAMETER[&amp;quot;False_Northing&amp;quot;,6561666.666666666],PARAMETER[&amp;quot;Central_Meridian&amp;quot;,-98.5],PARAMETER[&amp;quot;Standard_Parallel_1&amp;quot;,32.13333333333333],PARAMETER[&amp;quot;Standard_Parallel_2&amp;quot;,33.96666666666667],PARAMETER[&amp;quot;Latitude_Of_Origin&amp;quot;,31.66666666666667],UNIT[&amp;quot;Foot_US&amp;quot;,0.3048006096012192],AUTHORITY[&amp;quot;EPSG&amp;quot;,2276]]&lt;/WKT&gt;&lt;XOrigin&gt;-123407700&lt;/XOrigin&gt;&lt;YOrigin&gt;-86123500&lt;/YOrigin&gt;&lt;XYScale&gt;35920690.11000888&lt;/XYScale&gt;&lt;ZOrigin&gt;-100000&lt;/ZOrigin&gt;&lt;ZScale&gt;10000&lt;/ZScale&gt;&lt;MOrigin&gt;-100000&lt;/MOrigin&gt;&lt;MScale&gt;10000&lt;/MScale&gt;&lt;XYTolerance&gt;0.0032808333333333331&lt;/XYTolerance&gt;&lt;ZTolerance&gt;0.001&lt;/ZTolerance&gt;&lt;MTolerance&gt;0.001&lt;/MTolerance&gt;&lt;HighPrecision&gt;true&lt;/HighPrecision&gt;&lt;WKID&gt;102738&lt;/WKID&gt;&lt;LatestWKID&gt;2276&lt;/LatestWKID&gt;&lt;/ProjectedCoordinateSystem&gt;</peXml></coordRef></DataProperties><ArcGISFormat>1.0</ArcGISFormat><scaleRange><minScale>150000000</minScale><maxScale>5000</maxScale></scaleRange><ArcGISProfile>FGDC</ArcGISProfile></Esri><idinfo><native Sync="TRUE">Microsoft Windows XP Version 5.1 (Build 2600) Service Pack 2; ESRI ArcCatalog 9.2.2.1350</native><descript><langdata Sync="TRUE">en</langdata><abstract>REQUIRED: A brief narrative summary of the data set.</abstract><purpose>REQUIRED: A summary of the intentions with which the data set was developed.</purpose></descript><citation><citeinfo><origin>REQUIRED: The name of an organization or individual that developed the data set.</origin><pubdate>REQUIRED: The date when the data set is published or otherwise made available for release.</pubdate><title Sync="TRUE">CFWGIS.SDE.ADM_TIFS</title><ftname Sync="TRUE">CFWGIS.SDE.ADM_TIFS</ftname><geoform Sync="TRUE">vector digital data</geoform><onlink Sync="TRUE">Server=gs009; Service=5151; Database=cfwgis; User=cfw\kerzmac; Version=sde.DEFAULT</onlink></citeinfo></citation><timeperd><current>REQUIRED: The basis on which the time period of content information is determined.</current><timeinfo><sngdate><caldate>REQUIRED: The year (and optionally month, or month and day) for which the data set corresponds to the ground.</caldate></sngdate></timeinfo></timeperd><status><progress>REQUIRED: The state of the data set.</progress><update>REQUIRED: The frequency with which changes and additions are made to the data set after the initial data set is completed.</update></status><spdom><bounding><westbc Sync="TRUE">-97.411918</westbc><eastbc Sync="TRUE">-97.273026</eastbc><northbc Sync="TRUE">33.048449</northbc><southbc Sync="TRUE">32.693257</southbc></bounding><lboundng><leftbc Sync="TRUE">2303213.400000</leftbc><rightbc Sync="TRUE">2344438.700000</rightbc><bottombc Sync="TRUE">6937339.000000</bottombc><topbc Sync="TRUE">7066114.300000</topbc></lboundng></spdom><keywords><theme><themekt>REQUIRED: Reference to a formally registered thesaurus or a similar authoritative source of theme keywords.</themekt><themekey>REQUIRED: Common-use word or phrase used to describe the subject of the data set.</themekey></theme></keywords><accconst>REQUIRED: Restrictions and legal prerequisites for accessing the data set.</accconst><useconst>REQUIRED: Restrictions and legal prerequisites for using the data set after access is granted.</useconst><natvform Sync="TRUE">SDE Feature Class</natvform></idinfo><dataIdInfo><envirDesc Sync="TRUE"> Version 6.2 (Build 9200) ; Esri ArcGIS 10.8.1.14362</envirDesc><dataLang><languageCode Sync="TRUE" value="eng"/><countryCode value="USA" Sync="TRUE"/></dataLang><idCitation><resTitle Sync="TRUE">ADM_TIFS</resTitle><presForm><PresFormCd Sync="TRUE" value="005"/></presForm></idCitation><spatRpType><SpatRepTypCd Sync="TRUE" value="001"/></spatRpType><dataExt><geoEle><GeoBndBox esriExtentType="native"><westBL Sync="TRUE">2303213.4</westBL><eastBL Sync="TRUE">2344438.7</eastBL><northBL Sync="TRUE">7066114.3</northBL><southBL Sync="TRUE">6937339</southBL><exTypeCode Sync="TRUE">1</exTypeCode></GeoBndBox></geoEle></dataExt><geoBox esriExtentType="decdegrees"><westBL Sync="TRUE">-97.411918</westBL><eastBL Sync="TRUE">-97.273026</eastBL><northBL Sync="TRUE">33.048449</northBL><southBL Sync="TRUE">32.693257</southBL><exTypeCode Sync="TRUE">1</exTypeCode></geoBox><dataExt><geoEle xmlns=""><GeoBndBox esriExtentType="search"><exTypeCode Sync="TRUE">1</exTypeCode><westBL Sync="TRUE">-97.362079</westBL><eastBL Sync="TRUE">-97.152340</eastBL><northBL Sync="TRUE">33.047135</northBL><southBL Sync="TRUE">32.695310</southBL></GeoBndBox></geoEle></dataExt><idPurp>Tax Increment Finance</idPurp></dataIdInfo><metainfo><langmeta Sync="TRUE">en</langmeta><metstdn Sync="TRUE">FGDC Content Standards for Digital Geospatial Metadata</metstdn><metstdv Sync="TRUE">FGDC-STD-001-1998</metstdv><mettc Sync="TRUE">local time</mettc><metc><cntinfo><cntorgp><cntper>REQUIRED: The person responsible for the metadata information.</cntper><cntorg>REQUIRED: The organization responsible for the metadata information.</cntorg></cntorgp><cntaddr><addrtype>REQUIRED: The mailing and/or physical address for the organization or individual.</addrtype><city>REQUIRED: The city of the address.</city><state>REQUIRED: The state or province of the address.</state><postal>REQUIRED: The ZIP or other postal code of the address.</postal></cntaddr><cntvoice>REQUIRED: The telephone number by which individuals can speak to the organization or individual.</cntvoice></cntinfo></metc><metd Sync="TRUE">20070628</metd></metainfo><mdLang><languageCode Sync="TRUE" value="eng"/><countryCode value="USA" Sync="TRUE"/></mdLang><mdStanName Sync="TRUE">ISO 19115 Geographic Information - Metadata</mdStanName><mdStanVer Sync="TRUE">DIS_ESRI1.0</mdStanVer><mdChar><CharSetCd Sync="TRUE" value="004"/></mdChar><mdHrLv><ScopeCd Sync="TRUE" value="005"/></mdHrLv><mdHrLvName Sync="TRUE">dataset</mdHrLvName><distinfo><resdesc Sync="TRUE">Downloadable Data</resdesc></distinfo><distInfo><distributor><distorTran><onLineSrc><orDesc Sync="TRUE">002</orDesc><linkage Sync="TRUE">Server=gs009; Service=5151; Database=cfwgis; User=cfw\kerzmac; Version=sde.DEFAULT</linkage><protocol Sync="TRUE">ArcSDE Connection</protocol></onLineSrc></distorTran><distorFormat><formatName Sync="TRUE">SDE Feature Class</formatName></distorFormat></distributor><distFormat><formatName Sync="TRUE">Shapefile</formatName></distFormat><distTranOps><transSize Sync="TRUE">0.000</transSize></distTranOps></distInfo><spdoinfo><direct Sync="TRUE">Vector</direct><ptvctinf><esriterm Name="ADM_TIFS"><efeatyp Sync="TRUE">Simple</efeatyp><efeageom code="4" Sync="TRUE"></efeageom><esritopo Sync="TRUE">FALSE</esritopo><efeacnt Sync="TRUE">0</efeacnt><spindex Sync="TRUE">FALSE</spindex><linrefer Sync="TRUE">FALSE</linrefer></esriterm></ptvctinf></spdoinfo><spref><horizsys><cordsysn><geogcsn Sync="TRUE">GCS_North_American_1983</geogcsn><projcsn Sync="TRUE">NAD_1983_StatePlane_Texas_North_Central_FIPS_4202_Feet</projcsn></cordsysn><planar><planci><plance Sync="TRUE">coordinate pair</plance><plandu Sync="TRUE">survey feet</plandu><coordrep><absres Sync="TRUE">0.100000</absres><ordres Sync="TRUE">0.100000</ordres></coordrep></planci></planar><geodetic><horizdn Sync="TRUE">North American Datum of 1983</horizdn><ellips Sync="TRUE">Geodetic Reference System 80</ellips><semiaxis Sync="TRUE">6378137.000000</semiaxis><denflat Sync="TRUE">298.257222</denflat></geodetic></horizsys><vertdef><altsys><altenc Sync="TRUE">Explicit elevation coordinate included with horizontal coordinates</altenc><altres Sync="TRUE">1.000000</altres></altsys></vertdef></spref><refSysInfo><RefSystem><refSysID><identCode Sync="TRUE" code="2276">NAD_1983_StatePlane_Texas_North_Central_FIPS_4202_Feet</identCode><idCodeSpace Sync="TRUE">EPSG</idCodeSpace><idVersion Sync="TRUE">5.3(9.0.0)</idVersion></refSysID></RefSystem></refSysInfo><spatRepInfo><VectSpatRep><geometObjs Name="ADM_TIFS"><geoObjTyp><GeoObjTypCd value="002" Sync="TRUE"></GeoObjTypCd></geoObjTyp><geoObjCnt Sync="TRUE">0</geoObjCnt></geometObjs><topLvl><TopoLevCd value="001" Sync="TRUE"></TopoLevCd></topLvl></VectSpatRep></spatRepInfo><eainfo><detailed Name="ADM_TIFS"><enttyp><enttypl Sync="TRUE">ADM_TIFS</enttypl><enttypt Sync="TRUE">Feature Class</enttypt><enttypc Sync="TRUE">0</enttypc></enttyp><attr><attrlabl Sync="TRUE">FID</attrlabl><attalias Sync="TRUE">FID</attalias><attrtype Sync="TRUE">OID</attrtype><attwidth Sync="TRUE">4</attwidth><atprecis Sync="TRUE">0</atprecis><attscale Sync="TRUE">0</attscale><attrdef Sync="TRUE">Internal feature number.</attrdef><attrdefs Sync="TRUE">Esri</attrdefs><attrdomv><udom Sync="TRUE">Sequential unique whole numbers that are automatically generated.</udom></attrdomv></attr><attr><attrlabl Sync="TRUE">tif_id</attrlabl><attalias Sync="TRUE">tif_id</attalias><attrtype Sync="TRUE">String</attrtype><attwidth Sync="TRUE">50</attwidth><atprecis Sync="TRUE">0</atprecis><attscale Sync="TRUE">0</attscale></attr><attr><attrlabl Sync="TRUE">Shape</attrlabl><attalias Sync="TRUE">Shape</attalias><attrtype Sync="TRUE">Geometry</attrtype><attwidth Sync="TRUE">0</attwidth><atprecis Sync="TRUE">0</atprecis><attscale Sync="TRUE">0</attscale><attrdef Sync="TRUE">Feature geometry.</attrdef><attrdefs Sync="TRUE">ESRI</attrdefs><attrdomv><udom Sync="TRUE">Coordinates defining the features.</udom></attrdomv></attr><attr><attrlabl Sync="TRUE">Expiration</attrlabl><attalias Sync="TRUE">Expiration</attalias><attrtype Sync="TRUE">Date</attrtype><attwidth Sync="TRUE">8</attwidth><atprecis Sync="TRUE">0</atprecis><attscale Sync="TRUE">0</attscale></attr><attr><attrlabl Sync="TRUE">Establishe</attrlabl><attalias Sync="TRUE">Establishe</attalias><attrtype Sync="TRUE">Date</attrtype><attwidth Sync="TRUE">8</attwidth><atprecis Sync="TRUE">0</atprecis><attscale Sync="TRUE">0</attscale></attr><attr><attrlabl Sync="TRUE">Notes</attrlabl><attalias Sync="TRUE">Notes</attalias><attrtype Sync="TRUE">String</attrtype><attwidth Sync="TRUE">100</attwidth><atprecis Sync="TRUE">0</atprecis><attscale Sync="TRUE">0</attscale></attr><attr><attrlabl Sync="TRUE">Name</attrlabl><attalias Sync="TRUE">Name</attalias><attrtype Sync="TRUE">String</attrtype><attwidth Sync="TRUE">50</attwidth><atprecis Sync="TRUE">0</atprecis><attscale Sync="TRUE">0</attscale></attr><attr><attrlabl Sync="TRUE">Shape_STAr</attrlabl><attalias Sync="TRUE">Shape_STAr</attalias><attrtype Sync="TRUE">Double</attrtype><attwidth Sync="TRUE">19</attwidth><atprecis Sync="TRUE">0</atprecis><attscale Sync="TRUE">0</attscale></attr><attr><attrlabl Sync="TRUE">Shape_STLe</attrlabl><attalias Sync="TRUE">Shape_STLe</attalias><attrtype Sync="TRUE">Double</attrtype><attwidth Sync="TRUE">19</attwidth><atprecis Sync="TRUE">0</atprecis><attscale Sync="TRUE">0</attscale></attr></detailed></eainfo><mdDateSt Sync="TRUE">20260128</mdDateSt></metadata>
