<metadata xml:lang="en"><Esri><CreaDate>20140607</CreaDate><CreaTime>00014400</CreaTime><SyncOnce>FALSE</SyncOnce><SyncDate>20260128</SyncDate><SyncTime>20120300</SyncTime><ModDate>20260128</ModDate><ModTime>20120300</ModTime><DataProperties><lineage><Process Name="Buffer_3" ToolSource="C:\Program Files\ArcGIS\ArcToolbox\Toolboxes\Analysis Tools.tbx\Buffer" Date="20071228" Time="145152">Buffer CFWGIS.SDE.NAT_NTEXAS_RIVERS G:\GIS\SEW_Maps_Data\gggg.mdb\StreamValleysTarget "200 Feet" FULL ROUND NONE #</Process><Process Name="Merge_2" ToolSource="C:\Program Files\ArcGIS\ArcToolbox\Toolboxes\Data Management Tools.tbx\Merge" Date="20071231" Time="141217">Merge S_and_V_TargetTrib_w_200ft_Buf;'REDEV. ORGS' "C:\GIS\Streams and Valleys\stva.shp" "OBJECTID_1 OBJECTID_1 true false false 9 Long 0 9 ,First,#,S_and_V_TargetTrib_w_200ft_Buf,OBJECTID_1,-1,-1;OBJECTID OBJECTID true false false 19 Double 0 0 ,First,#,S_and_V_TargetTrib_w_200ft_Buf,OBJECTID,-1,-1;RCH_ RCH_ true false false 19 Double 0 0 ,First,#,S_and_V_TargetTrib_w_200ft_Buf,RCH_,-1,-1;RCH_ID RCH_ID true false false 19 Double 0 0 ,First,#,S_and_V_TargetTrib_w_200ft_Buf,RCH_ID,-1,-1;COM_ID COM_ID true false false 19 Double 0 0 ,First,#,S_and_V_TargetTrib_w_200ft_Buf,COM_ID,-1,-1;RCH_CODE RCH_CODE true false false 14 Text 0 0 ,First,#,S_and_V_TargetTrib_w_200ft_Buf,RCH_CODE,-1,-1;RCH_DATE RCH_DATE true false false 8 Text 0 0 ,First,#,S_and_V_TargetTrib_w_200ft_Buf,RCH_DATE,-1,-1;LEVEL_ LEVEL_ true false false 19 Double 0 0 ,First,#,S_and_V_TargetTrib_w_200ft_Buf,LEVEL_,-1,-1;METERS METERS true false false 19 Double 0 0 ,First,#,S_and_V_TargetTrib_w_200ft_Buf,METERS,-1,-1;GNIS_ID GNIS_ID true false false 8 Text 0 0 ,First,#,S_and_V_TargetTrib_w_200ft_Buf,GNIS_ID,-1,-1;NAME NAME true false false 99 Text 0 0 ,First,#,S_and_V_TargetTrib_w_200ft_Buf,NAME,-1,-1,REDEV. ORGS,NAME,-1,-1;BUFF_DIST BUFF_DIST true false false 19 Double 0 0 ,First,#,S_and_V_TargetTrib_w_200ft_Buf,BUFF_DIST,-1,-1;Shape_Leng Shape_Leng true false false 19 Double 0 0 ,First,#,S_and_V_TargetTrib_w_200ft_Buf,Shape_Leng,-1,-1;Shape_Area Shape_Area true false false 19 Double 0 0 ,First,#,S_and_V_TargetTrib_w_200ft_Buf,Shape_Area,-1,-1;NALL_ID NALL_ID true true false 8 Double 0 11 ,First,#,REDEV. ORGS,NALL_ID,-1,-1;ID ID true true false 8 Double 6 24 ,First,#,REDEV. ORGS,ID,-1,-1;TYPE TYPE true true false 3 Text 0 0 ,First,#,REDEV. ORGS,TYPE,-1,-1;MSLINK MSLINK true true false 8 Double 0 11 ,First,#,REDEV. ORGS,MSLINK,-1,-1;MAPID MAPID true true false 8 Double 0 11 ,First,#,REDEV. ORGS,MAPID,-1,-1;SECTOR SECTOR true true false 25 Text 0 0 ,First,#,REDEV. ORGS,SECTOR,-1,-1;COUNCIL COUNCIL true true false 8 Text 0 0 ,First,#,REDEV. ORGS,COUNCIL,-1,-1;NPD NPD true true false 8 Text 0 0 ,First,#,REDEV. ORGS,NPD,-1,-1;AREA AREA true true false 8 Double 6 24 ,First,#,REDEV. ORGS,CFWGIS.SDE.ADM_NEIGHBORHOOD_REDEV_ORGS.AREA,-1,-1;X_Centroid X_Centroid true true false 8 Double 0 0 ,First,#,REDEV. ORGS,X_Centroid,-1,-1;Y_Centroid Y_Centroid true true false 8 Double 0 0 ,First,#,REDEV. ORGS,Y_Centroid,-1,-1;area_1 area_1 false false true 0 Double 0 0 ,First,#,REDEV. ORGS,Shape.area,-1,-1;len len false false true 0 Double 0 0 ,First,#,REDEV. ORGS,Shape.len,-1,-1"</Process><Process Name="FeatureClassToFeatureClass_1" ToolSource="C:\Program Files\ArcGIS\ArcToolbox\Toolboxes\Conversion Tools.tbx\FeatureClassToFeatureClass" Date="20080103" Time="072041">FeatureClassToFeatureClass L:\Load_Into_SDE\Neigh_Redevelopment_Orgs.shp "Database Connections\Connection to gs009 sde admin.sde" ADM_NEIGHBORHOOD_REDEV_ORGS # "NAME NAME true false false 99 Text 0 0 ,First,#,L:\Load_Into_SDE\Neigh_Redevelopment_Orgs.shp,NAME,-1,-1;TYPE TYPE true false false 3 Text 0 0 ,First,#,L:\Load_Into_SDE\Neigh_Redevelopment_Orgs.shp,TYPE,-1,-1;MAPID MAPID true false false 11 Double 0 11 ,First,#,L:\Load_Into_SDE\Neigh_Redevelopment_Orgs.shp,MAPID,-1,-1;AREA AREA true false false 19 Double 6 18 ,First,#,L:\Load_Into_SDE\Neigh_Redevelopment_Orgs.shp,AREA,-1,-1;len len true false false 19 Double 0 0 ,First,#,L:\Load_Into_SDE\Neigh_Redevelopment_Orgs.shp,len,-1,-1;X X true false false 19 Double 0 0 ,First,#,L:\Load_Into_SDE\Neigh_Redevelopment_Orgs.shp,X,-1,-1;Y Y true false false 19 Double 0 0 ,First,#,L:\Load_Into_SDE\Neigh_Redevelopment_Orgs.shp,Y,-1,-1;SECTOR SECTOR true false false 75 Text 0 0 ,First,#,L:\Load_Into_SDE\Neigh_Redevelopment_Orgs.shp,SECTOR,-1,-1;COUNCIL COUNCIL true false false 25 Text 0 0 ,First,#,L:\Load_Into_SDE\Neigh_Redevelopment_Orgs.shp,COUNCIL,-1,-1;NPD NPD true false false 50 Text 0 0 ,First,#,L:\Load_Into_SDE\Neigh_Redevelopment_Orgs.shp,NPD,-1,-1" # "Database Connections\Connection to gs009 sde admin.sde\cfwgis.SDE.ADM_NEIGHBORHOOD_REDEV_ORGS"</Process><Process ToolSource="C:\Program Files\ArcGIS\Desktop10.0\ArcToolbox\Toolboxes\Data Management Tools.tbx\ChangePrivileges" Date="20121212" Time="141742">ChangePrivileges 'Database Connections\Connection to GS009.sde\CFWGIS.SDE.ADM_NEIGHBORHOOD_ALLIANCES';'Database Connections\Connection to GS009.sde\CFWGIS.SDE.ADM_NEIGHBORHOOD_ORGS';'Database Connections\Connection to GS009.sde\cfwgis.SDE.ADM_NEIGHBORHOOD_REDEV_ORGS';'Database Connections\Connection to GS009.sde\CFWGIS.SDE.SRV_CHURCHES' CFW\KentD GRANT GRANT</Process><Process ToolSource="C:\Program Files (x86)\ArcGIS\Desktop10.0\ArcToolbox\Toolboxes\Data Management Tools.tbx\ChangePrivileges" Date="20130905" Time="163200">ChangePrivileges 'Database Connections\GS009 CFWGIS Admin.sde\CFWGIS.SDE.ADM_NEIGHBORHOOD_ALLIANCES';'Database Connections\GS009 CFWGIS Admin.sde\CFWGIS.SDE.ADM_NEIGHBORHOOD_ORGS';'Database Connections\GS009 CFWGIS Admin.sde\cfwgis.SDE.ADM_NEIGHBORHOOD_REDEV_ORGS';'Database Connections\GS009 CFWGIS Admin.sde\CFWGIS.SDE.SRV_CHURCHES' CFW\LocketA GRANT GRANT</Process><Process ToolSource="C:\Program Files\ArcGIS\Desktop10.0\ArcToolbox\Toolboxes\Data Management Tools.tbx\Append" Date="20130913" Time="155400">Append city_limits_for_dfw_overlay cfwgis.SDE.ADM_NEIGHBORHOOD_REDEV_ORGS NO_TEST "NAME "NAME" true true false 99 Text 0 0 ,First,#;TYPE "TYPE" true true false 3 Text 0 0 ,First,#;MAPID "MAPID" true true false 8 Double 0 11 ,First,#;X "X" true true false 8 Double 8 38 ,First,#;Y "Y" true true false 8 Double 8 38 ,First,#;SECTOR "SECTOR" true true false 75 Text 0 0 ,First,#;COUNCIL "COUNCIL" true true false 25 Text 0 0 ,First,#;NPD "NPD" true true false 50 Text 0 0 ,First,#;Shape.area "Shape.area" false false true 0 Double 0 0 ,First,#;Shape.len "Shape.len" false false true 0 Double 0 0 ,First,#" #</Process><Process ToolSource="c:\program files (x86)\arcgis\desktop10.1\ArcToolbox\Toolboxes\Data Management Tools.tbx\CalculateField" Date="20131223" Time="173820">CalculateField cfwgis.SDE.ADM_NEIGHBORHOOD_REDEV_ORGS ID_FIELD [OBJECTID] VB #</Process><Process ToolSource="c:\program files (x86)\arcgis\desktop10.1\ArcToolbox\Toolboxes\Data Management Tools.tbx\CalculateField" Date="20131223" Time="173829">CalculateField cfwgis.SDE.ADM_NEIGHBORHOOD_REDEV_ORGS ID_FIELD ""R" + [ID_FIELD]" VB #</Process><Process ToolSource="c:\program files\arcgis\desktop10.0\ArcToolbox\Toolboxes\Data Management Tools.tbx\Append" Date="20140516" Time="142235">Append CFWGIS.SDE.ADM_NEIGHBORHOOD_ORGS cfwgis.SDE.ADM_NEIGHBORHOOD_REDEV_ORGS NO_TEST "NAME "NAME" true true false 99 Text 0 0 ,First,#,\CFWGIS.SDE.ADM_NEIGHBORHOOD_ORGS,NAME,-1,-1;TYPE "TYPE" true true false 3 Text 0 0 ,First,#,\CFWGIS.SDE.ADM_NEIGHBORHOOD_ORGS,TYPE,-1,-1;MAPID "MAPID" true true false 8 Double 0 11 ,First,#;X "X" true true false 8 Double 8 38 ,First,#;Y "Y" true true false 8 Double 8 38 ,First,#;SECTOR "SECTOR" true true false 75 Text 0 0 ,First,#;COUNCIL "COUNCIL" true true false 25 Text 0 0 ,First,#;NPD "NPD" true true false 50 Text 0 0 ,First,#;ID_FIELD "ID_FIELD" true true false 50 Text 0 0 ,First,#,\CFWGIS.SDE.ADM_NEIGHBORHOOD_ORGS,ID_FIELD,-1,-1;Shape.area "Shape.area" false false true 0 Double 0 0 ,First,#,\CFWGIS.SDE.ADM_NEIGHBORHOOD_ORGS,Shape.area,-1,-1;Shape.len "Shape.len" false false true 0 Double 0 0 ,First,#,\CFWGIS.SDE.ADM_NEIGHBORHOOD_ORGS,Shape.len,-1,-1" #</Process><Process ToolSource="c:\program files\arcgis\desktop10.0\ArcToolbox\Toolboxes\Data Management Tools.tbx\Append" Date="20140516" Time="142850">Append ADM_NEIGHBORHOOD_ORGS_Select1 cfwgis.SDE.ADM_NEIGHBORHOOD_REDEV_ORGS NO_TEST "NAME "NAME" true true false 99 Text 0 0 ,First,#,C:\Documents and Settings\LocketA\My Documents\ArcGIS\Default.gdb\ADM_NEIGHBORHOOD_ORGS_Select1,NAME,-1,-1;TYPE "TYPE" true true false 3 Text 0 0 ,First,#,C:\Documents and Settings\LocketA\My Documents\ArcGIS\Default.gdb\ADM_NEIGHBORHOOD_ORGS_Select1,TYPE,-1,-1;MAPID "MAPID" true true false 8 Double 0 11 ,First,#;X "X" true true false 8 Double 8 38 ,First,#;Y "Y" true true false 8 Double 8 38 ,First,#;SECTOR "SECTOR" true true false 75 Text 0 0 ,First,#;COUNCIL "COUNCIL" true true false 25 Text 0 0 ,First,#;NPD "NPD" true true false 50 Text 0 0 ,First,#;ID_FIELD "ID_FIELD" true true false 50 Text 0 0 ,First,#,C:\Documents and Settings\LocketA\My Documents\ArcGIS\Default.gdb\ADM_NEIGHBORHOOD_ORGS_Select1,ID_FIELD,-1,-1;Shape.area "Shape.area" false false true 0 Double 0 0 ,First,#;Shape.len "Shape.len" false false true 0 Double 0 0 ,First,#" #</Process><Process ToolSource="C:\Program Files (x86)\ArcGIS\Desktop10.0\ArcToolbox\Toolboxes\Data Management Tools.tbx\ChangePrivileges" Date="20140516" Time="143923">ChangePrivileges 'Database Connections\SDE to CFWGIS on GS009.sde\cfwgis.SDE.ADM_NEIGHBORHOOD_REDEV_ORGS' Locketa GRANT GRANT</Process><Process ToolSource="C:\Program Files\ArcGIS\Desktop10.0\ArcToolbox\Toolboxes\Data Management Tools.tbx\Append" Date="20140516" Time="144549">Append CFWGIS.SDE.ADM_NEIGHBORHOOD_ORGS cfwgis.SDE.ADM_NEIGHBORHOOD_REDEV_ORGS NO_TEST "NAME "NAME" true true false 99 Text 0 0 ,First,#,\CFWGIS.SDE.ADM_NEIGHBORHOOD_ORGS,NAME,-1,-1;TYPE "TYPE" true true false 3 Text 0 0 ,First,#,\CFWGIS.SDE.ADM_NEIGHBORHOOD_ORGS,TYPE,-1,-1;MAPID "MAPID" true true false 8 Double 0 11 ,First,#;X "X" true true false 8 Double 8 38 ,First,#;Y "Y" true true false 8 Double 8 38 ,First,#;SECTOR "SECTOR" true true false 75 Text 0 0 ,First,#;COUNCIL "COUNCIL" true true false 25 Text 0 0 ,First,#;NPD "NPD" true true false 50 Text 0 0 ,First,#;ID_FIELD "ID_FIELD" true true false 50 Text 0 0 ,First,#,\CFWGIS.SDE.ADM_NEIGHBORHOOD_ORGS,ID_FIELD,-1,-1;Shape.area "Shape.area" false false true 0 Double 0 0 ,First,#,\CFWGIS.SDE.ADM_NEIGHBORHOOD_ORGS,Shape.area,-1,-1;Shape.len "Shape.len" false false true 0 Double 0 0 ,First,#,\CFWGIS.SDE.ADM_NEIGHBORHOOD_ORGS,Shape.len,-1,-1" #</Process><Process ToolSource="c:\program files\arcgis\desktop10.0\ArcToolbox\Toolboxes\Data Management Tools.tbx\Append" Date="20140620" Time="132002">Append DBO_Dissolve cfwgis.SDE.ADM_NEIGHBORHOOD_REDEV_ORGS NO_TEST "NAME "NAME" true true false 99 Text 0 0 ,First,#;TYPE "TYPE" true true false 3 Text 0 0 ,First,#;MAPID "MAPID" true true false 8 Double 0 11 ,First,#;X "X" true true false 8 Double 8 38 ,First,#;Y "Y" true true false 8 Double 8 38 ,First,#;SECTOR "SECTOR" true true false 75 Text 0 0 ,First,#;COUNCIL "COUNCIL" true true false 25 Text 0 0 ,First,#;NPD "NPD" true true false 50 Text 0 0 ,First,#;ID_FIELD "ID_FIELD" true true false 50 Text 0 0 ,First,#;Shape.STArea() "Shape.STArea()" false false true 0 Double 0 0 ,First,#;Shape.STLength() "Shape.STLength()" false false true 0 Double 0 0 ,First,#" #</Process><Process ToolSource="c:\program files\arcgis\desktop10.0\ArcToolbox\Toolboxes\Data Management Tools.tbx\Append" Date="20140620" Time="132438">Append DBO_Dissolve cfwgis.SDE.ADM_NEIGHBORHOOD_REDEV_ORGS NO_TEST "NAME "NAME" true true false 99 Text 0 0 ,First,#;TYPE "TYPE" true true false 3 Text 0 0 ,First,#;MAPID "MAPID" true true false 8 Double 0 11 ,First,#;X "X" true true false 8 Double 8 38 ,First,#;Y "Y" true true false 8 Double 8 38 ,First,#;SECTOR "SECTOR" true true false 75 Text 0 0 ,First,#;COUNCIL "COUNCIL" true true false 25 Text 0 0 ,First,#;NPD "NPD" true true false 50 Text 0 0 ,First,#;ID_FIELD "ID_FIELD" true true false 50 Text 0 0 ,First,#;Shape.STArea() "Shape.STArea()" false false true 0 Double 0 0 ,First,#;Shape.STLength() "Shape.STLength()" false false true 0 Double 0 0 ,First,#" #</Process><Process ToolSource="C:\Program Files\ArcGIS\Desktop10.0\ArcToolbox\Toolboxes\Data Management Tools.tbx\Append" Date="20140620" Time="132653">Append DBO_Dissolve cfwgis.SDE.ADM_NEIGHBORHOOD_REDEV_ORGS NO_TEST "NAME "NAME" true true false 99 Text 0 0 ,First,#;TYPE "TYPE" true true false 3 Text 0 0 ,First,#;MAPID "MAPID" true true false 8 Double 0 11 ,First,#;X "X" true true false 8 Double 8 38 ,First,#;Y "Y" true true false 8 Double 8 38 ,First,#;SECTOR "SECTOR" true true false 75 Text 0 0 ,First,#;COUNCIL "COUNCIL" true true false 25 Text 0 0 ,First,#;NPD "NPD" true true false 50 Text 0 0 ,First,#;ID_FIELD "ID_FIELD" true true false 50 Text 0 0 ,First,#;Shape.STArea() "Shape.STArea()" false false true 0 Double 0 0 ,First,#;Shape.STLength() "Shape.STLength()" false false true 0 Double 0 0 ,First,#" #</Process><Process ToolSource="c:\program files (x86)\arcgis\desktop10.1\ArcToolbox\Toolboxes\Data Management Tools.tbx\Append" Date="20140911" Time="150251">Append REDEV_EastFW_INC CFWGIS.DBO.ADM_NEIGHBORHOOD_REDEV_ORGS NO_TEST "NAME "NAME" true true false 99 Text 0 0 ,First,#;TYPE "TYPE" true true false 3 Text 0 0 ,First,#;MAPID "MAPID" true true false 8 Double 0 11 ,First,#;X "X" true true false 8 Double 8 38 ,First,#;Y "Y" true true false 8 Double 8 38 ,First,#;SECTOR "SECTOR" true true false 75 Text 0 0 ,First,#;COUNCIL "COUNCIL" true true false 25 Text 0 0 ,First,#;NPD "NPD" true true false 50 Text 0 0 ,First,#;ID_FIELD "ID_FIELD" true true false 50 Text 0 0 ,First,#;Shape.STArea() "Shape.STArea()" false false true 0 Double 0 0 ,First,#;Shape.STLength() "Shape.STLength()" false false true 0 Double 0 0 ,First,#" #</Process><Process ToolSource="c:\program files (x86)\arcgis\desktop10.1\ArcToolbox\Toolboxes\Data Management Tools.tbx\ChangePrivileges" Date="20150429" Time="085131">ChangePrivileges 'Database Connections\CFWGIS_PROD_OSA.sde\CFWGIS.DBO.ADM_NEIGHBORHOOD_ALLIANCES';'Database Connections\CFWGIS_PROD_OSA.sde\CFWGIS.DBO.ADM_NEIGHBORHOOD_ORGS';'Database Connections\CFWGIS_PROD_OSA.sde\CFWGIS.DBO.ADM_NEIGHBORHOOD_REDEV_ORGS' whites GRANT GRANT</Process><Process ToolSource="c:\program files (x86)\arcgis\desktop10.1\ArcToolbox\Toolboxes\Data Management Tools.tbx\Analyze" Date="20160516" Time="120335">Analyze "Database Connections\CFWGIS_PROD_OSA.sde\CFWGIS.DBO.ADM_NEIGHBORHOOD_REDEV_ORGS" BUSINESS;ADDS;DELETES</Process><Process ToolSource="c:\program files (x86)\arcgis\desktop10.1\ArcToolbox\Toolboxes\Data Management Tools.tbx\RemoveSpatialIndex" Date="20161009" Time="004335">RemoveSpatialIndex "Database Connections/CFWGIS_PROD_OSA.sde\CFWGIS.DBO.ADM_NEIGHBORHOOD_REDEV_ORGS"</Process><Process ToolSource="c:\program files (x86)\arcgis\desktop10.1\ArcToolbox\Toolboxes\Data Management Tools.tbx\AddSpatialIndex" Date="20161009" Time="004336">AddSpatialIndex "Database Connections/CFWGIS_PROD_OSA.sde\CFWGIS.DBO.ADM_NEIGHBORHOOD_REDEV_ORGS" -6 0 0</Process><Process ToolSource="c:\program files\arcgis\pro\Resources\ArcToolbox\toolboxes\Data Management Tools.tbx\CalculateGeometryAttributes" Date="20230828" Time="105549">CalculateGeometryAttributes CFWGIS.DBO.ADM_NEIGHBORHOOD_REDEV_ORGS__1 "X INSIDE_X;Y INSIDE_Y" # # PROJCS["NAD_1983_StatePlane_Texas_North_Central_FIPS_4202_Feet",GEOGCS["GCS_North_American_1983",DATUM["D_North_American_1983",SPHEROID["GRS_1980",6378137.0,298.257222101]],PRIMEM["Greenwich",0.0],UNIT["Degree",0.0174532925199433]],PROJECTION["Lambert_Conformal_Conic"],PARAMETER["False_Easting",1968500.0],PARAMETER["False_Northing",6561666.666666666],PARAMETER["Central_Meridian",-98.5],PARAMETER["Standard_Parallel_1",32.13333333333333],PARAMETER["Standard_Parallel_2",33.96666666666667],PARAMETER["Latitude_Of_Origin",31.66666666666667],UNIT["Foot_US",0.3048006096012192]] "Same as input"</Process><Process ToolSource="c:\program files\arcgis\pro\Resources\ArcToolbox\toolboxes\Data Management Tools.tbx\CalculateGeometryAttributes" Date="20230927" Time="094324">CalculateGeometryAttributes CFWGIS.DBO.ADM_NEIGHBORHOOD_REDEV_ORGS-PROD "X CENTROID_X;Y CENTROID_Y" # # PROJCS["NAD_1983_StatePlane_Texas_North_Central_FIPS_4202_Feet",GEOGCS["GCS_North_American_1983",DATUM["D_North_American_1983",SPHEROID["GRS_1980",6378137.0,298.257222101]],PRIMEM["Greenwich",0.0],UNIT["Degree",0.0174532925199433]],PROJECTION["Lambert_Conformal_Conic"],PARAMETER["False_Easting",1968500.0],PARAMETER["False_Northing",6561666.666666666],PARAMETER["Central_Meridian",-98.5],PARAMETER["Standard_Parallel_1",32.13333333333333],PARAMETER["Standard_Parallel_2",33.96666666666667],PARAMETER["Latitude_Of_Origin",31.66666666666667],UNIT["Foot_US",0.3048006096012192]] "Same as input"</Process><Process ToolSource="c:\program files (x86)\arcgis\desktop10.8\ArcToolbox\Toolboxes\Data Management Tools.tbx\CopyFeatures" Date="20260128" Time="201204">CopyFeatures "Database Connections\CFWGIS_PROD_OSA.sde\CFWGIS.DBO.ADM_NEIGHBORHOOD_REDEV_ORGS" \\gsweb01\giszipfiles\shapefiles\ADM_NEIGHBORHOOD_REDEV_ORGS.shp # 0 0 0</Process></lineage><itemProps><itemLocation><linkage Sync="TRUE">file://\\gsweb01\giszipfiles\shapefiles\ADM_NEIGHBORHOOD_REDEV_ORGS.shp</linkage><protocol Sync="TRUE">Local Area Network</protocol></itemLocation><itemName Sync="TRUE">ADM_NEIGHBORHOOD_REDEV_ORGS</itemName><imsContentType Sync="TRUE">002</imsContentType><nativeExtBox><westBL Sync="TRUE">2245240.700178</westBL><eastBL Sync="TRUE">2418887.150784</eastBL><southBL Sync="TRUE">6885318.973460</southBL><northBL Sync="TRUE">7069101.999922</northBL><exTypeCode Sync="TRUE">1</exTypeCode></nativeExtBox><itemSize Sync="TRUE">0.000</itemSize></itemProps><coordRef><type Sync="TRUE">Projected</type><geogcsn Sync="TRUE">GCS_North_American_1983</geogcsn><csUnits Sync="TRUE">Linear Unit: Foot_US (0.304801)</csUnits><projcsn Sync="TRUE">NAD_1983_StatePlane_Texas_North_Central_FIPS_4202_Feet</projcsn><peXml Sync="TRUE">&lt;ProjectedCoordinateSystem xsi:type='typens:ProjectedCoordinateSystem' xmlns:xsi='http://www.w3.org/2001/XMLSchema-instance' xmlns:xs='http://www.w3.org/2001/XMLSchema' xmlns:typens='http://www.esri.com/schemas/ArcGIS/10.8'&gt;&lt;WKT&gt;PROJCS[&amp;quot;NAD_1983_StatePlane_Texas_North_Central_FIPS_4202_Feet&amp;quot;,GEOGCS[&amp;quot;GCS_North_American_1983&amp;quot;,DATUM[&amp;quot;D_North_American_1983&amp;quot;,SPHEROID[&amp;quot;GRS_1980&amp;quot;,6378137.0,298.257222101]],PRIMEM[&amp;quot;Greenwich&amp;quot;,0.0],UNIT[&amp;quot;Degree&amp;quot;,0.0174532925199433]],PROJECTION[&amp;quot;Lambert_Conformal_Conic&amp;quot;],PARAMETER[&amp;quot;False_Easting&amp;quot;,1968500.0],PARAMETER[&amp;quot;False_Northing&amp;quot;,6561666.666666666],PARAMETER[&amp;quot;Central_Meridian&amp;quot;,-98.5],PARAMETER[&amp;quot;Standard_Parallel_1&amp;quot;,32.13333333333333],PARAMETER[&amp;quot;Standard_Parallel_2&amp;quot;,33.96666666666667],PARAMETER[&amp;quot;Latitude_Of_Origin&amp;quot;,31.66666666666667],UNIT[&amp;quot;Foot_US&amp;quot;,0.3048006096012192],AUTHORITY[&amp;quot;EPSG&amp;quot;,2276]]&lt;/WKT&gt;&lt;XOrigin&gt;-123407700&lt;/XOrigin&gt;&lt;YOrigin&gt;-86123500&lt;/YOrigin&gt;&lt;XYScale&gt;35920690.11000888&lt;/XYScale&gt;&lt;ZOrigin&gt;-100000&lt;/ZOrigin&gt;&lt;ZScale&gt;10000&lt;/ZScale&gt;&lt;MOrigin&gt;-100000&lt;/MOrigin&gt;&lt;MScale&gt;10000&lt;/MScale&gt;&lt;XYTolerance&gt;0.0032808333333333331&lt;/XYTolerance&gt;&lt;ZTolerance&gt;0.001&lt;/ZTolerance&gt;&lt;MTolerance&gt;0.001&lt;/MTolerance&gt;&lt;HighPrecision&gt;true&lt;/HighPrecision&gt;&lt;WKID&gt;102738&lt;/WKID&gt;&lt;LatestWKID&gt;2276&lt;/LatestWKID&gt;&lt;/ProjectedCoordinateSystem&gt;</peXml></coordRef></DataProperties><ArcGISFormat>1.0</ArcGISFormat></Esri><idinfo><native Sync="TRUE">Microsoft Windows XP Version 5.1 (Build 2600) Service Pack 2; ESRI ArcCatalog 9.2.2.1350</native><descript><langdata Sync="TRUE">en</langdata><abstract>REQUIRED: A brief narrative summary of the data set.</abstract><purpose>REQUIRED: A summary of the intentions with which the data set was developed.</purpose></descript><citation><citeinfo><origin>REQUIRED: The name of an organization or individual that developed the data set.</origin><pubdate>REQUIRED: The date when the data set is published or otherwise made available for release.</pubdate><title Sync="TRUE">cfwgis.SDE.ADM_NEIGHBORHOOD_REDEV_ORGS</title><ftname Sync="TRUE">cfwgis.SDE.ADM_NEIGHBORHOOD_REDEV_ORGS</ftname><geoform Sync="TRUE">vector digital data</geoform><onlink Sync="TRUE">Server=gs009; Service=5151; Database=cfwgis; User=sde; Version=sde.DEFAULT</onlink></citeinfo></citation><timeperd><current>REQUIRED: The basis on which the time period of content information is determined.</current><timeinfo><sngdate><caldate>REQUIRED: The year (and optionally month, or month and day) for which the data set corresponds to the ground.</caldate></sngdate></timeinfo></timeperd><status><progress>REQUIRED: The state of the data set.</progress><update>REQUIRED: The frequency with which changes and additions are made to the data set after the initial data set is completed.</update></status><spdom><bounding><westbc Sync="TRUE">-97.587920</westbc><eastbc Sync="TRUE">-97.029894</eastbc><northbc Sync="TRUE">33.058074</northbc><southbc Sync="TRUE">32.568726</southbc></bounding><lboundng><leftbc Sync="TRUE">2249454.378783</leftbc><rightbc Sync="TRUE">2418900.299905</rightbc><bottombc Sync="TRUE">6892982.000000</bottombc><topbc Sync="TRUE">7069102.000000</topbc></lboundng></spdom><keywords><theme><themekt>REQUIRED: Reference to a formally registered thesaurus or a similar authoritative source of theme keywords.</themekt><themekey>REQUIRED: Common-use word or phrase used to describe the subject of the data set.</themekey></theme></keywords><accconst>REQUIRED: Restrictions and legal prerequisites for accessing the data set.</accconst><useconst>REQUIRED: Restrictions and legal prerequisites for using the data set after access is granted.</useconst><natvform Sync="TRUE">SDE Feature Class</natvform></idinfo><dataIdInfo><envirDesc Sync="TRUE"> Version 6.2 (Build 9200) ; Esri ArcGIS 10.8.1.14362</envirDesc><dataLang><languageCode Sync="TRUE" value="eng"/><countryCode value="USA" Sync="TRUE"/></dataLang><idCitation><resTitle Sync="TRUE">ADM_NEIGHBORHOOD_REDEV_ORGS</resTitle><presForm><PresFormCd Sync="TRUE" value="005"/></presForm></idCitation><spatRpType><SpatRepTypCd Sync="TRUE" value="001"/></spatRpType><geoBox esriExtentType="decdegrees"><westBL Sync="TRUE">-97.58792</westBL><eastBL Sync="TRUE">-97.029894</eastBL><northBL Sync="TRUE">33.058074</northBL><southBL Sync="TRUE">32.568726</southBL><exTypeCode Sync="TRUE">1</exTypeCode></geoBox><dataExt><geoEle><GeoBndBox esriExtentType="native"><westBL Sync="TRUE">2249454.378783</westBL><eastBL Sync="TRUE">2418900.299905</eastBL><northBL Sync="TRUE">7069102</northBL><southBL Sync="TRUE">6892982</southBL><exTypeCode Sync="TRUE">1</exTypeCode></GeoBndBox></geoEle></dataExt><dataExt><geoEle><GeoBndBox esriExtentType="search"><exTypeCode Sync="TRUE">1</exTypeCode><westBL Sync="TRUE">-97.601811</westBL><eastBL Sync="TRUE">-97.029937</eastBL><northBL Sync="TRUE">33.058175</northBL><southBL Sync="TRUE">32.547664</southBL></GeoBndBox></geoEle></dataExt></dataIdInfo><metainfo><langmeta Sync="TRUE">en</langmeta><metstdn Sync="TRUE">FGDC Content Standards for Digital Geospatial Metadata</metstdn><metstdv Sync="TRUE">FGDC-STD-001-1998</metstdv><mettc Sync="TRUE">local time</mettc><metc><cntinfo><cntorgp><cntper>REQUIRED: The person responsible for the metadata information.</cntper><cntorg>REQUIRED: The organization responsible for the metadata information.</cntorg></cntorgp><cntaddr><addrtype>REQUIRED: The mailing and/or physical address for the organization or individual.</addrtype><city>REQUIRED: The city of the address.</city><state>REQUIRED: The state or province of the address.</state><postal>REQUIRED: The ZIP or other postal code of the address.</postal></cntaddr><cntvoice>REQUIRED: The telephone number by which individuals can speak to the organization or individual.</cntvoice></cntinfo></metc><metd Sync="TRUE">20080103</metd></metainfo><mdLang><languageCode Sync="TRUE" value="eng"/><countryCode value="USA" Sync="TRUE"/></mdLang><mdStanName Sync="TRUE">ISO 19115 Geographic Information - Metadata</mdStanName><mdStanVer Sync="TRUE">DIS_ESRI1.0</mdStanVer><mdChar><CharSetCd Sync="TRUE" value="004"/></mdChar><mdHrLv><ScopeCd Sync="TRUE" value="005"/></mdHrLv><mdHrLvName Sync="TRUE">dataset</mdHrLvName><distinfo><resdesc Sync="TRUE">Downloadable Data</resdesc><stdorder><digform><digtinfo><transize Sync="TRUE">0.322</transize><dssize Sync="TRUE">0.322</dssize></digtinfo></digform></stdorder></distinfo><distInfo><distributor><distorTran><onLineSrc><orDesc Sync="TRUE">002</orDesc><linkage Sync="TRUE">Server=gs009; Service=5151; Database=cfwgis; User=sde; Version=sde.DEFAULT</linkage><protocol Sync="TRUE">ArcSDE Connection</protocol></onLineSrc><transSize Sync="TRUE">0.322</transSize></distorTran><distorFormat><formatName Sync="TRUE">SDE Feature Class</formatName></distorFormat></distributor><distFormat><formatName Sync="TRUE">Shapefile</formatName></distFormat><distTranOps><transSize Sync="TRUE">0.000</transSize></distTranOps></distInfo><spdoinfo><direct Sync="TRUE">Vector</direct><ptvctinf><esriterm Name="ADM_NEIGHBORHOOD_REDEV_ORGS"><efeatyp Sync="TRUE">Simple</efeatyp><efeageom code="4" Sync="TRUE"></efeageom><esritopo Sync="TRUE">FALSE</esritopo><efeacnt Sync="TRUE">0</efeacnt><spindex Sync="TRUE">FALSE</spindex><linrefer Sync="TRUE">FALSE</linrefer></esriterm></ptvctinf></spdoinfo><spatRepInfo><VectSpatRep><geometObjs Name="ADM_NEIGHBORHOOD_REDEV_ORGS"><geoObjTyp><GeoObjTypCd value="002" Sync="TRUE"></GeoObjTypCd></geoObjTyp><geoObjCnt Sync="TRUE">0</geoObjCnt></geometObjs><topLvl><TopoLevCd value="001" Sync="TRUE"></TopoLevCd></topLvl></VectSpatRep></spatRepInfo><eainfo><detailed Name="ADM_NEIGHBORHOOD_REDEV_ORGS"><enttyp><enttypl Sync="TRUE">ADM_NEIGHBORHOOD_REDEV_ORGS</enttypl><enttypt Sync="TRUE">Feature Class</enttypt><enttypc Sync="TRUE">0</enttypc></enttyp><attr><attrlabl Sync="TRUE">FID</attrlabl><attalias Sync="TRUE">FID</attalias><attrtype Sync="TRUE">OID</attrtype><attwidth Sync="TRUE">4</attwidth><atprecis Sync="TRUE">0</atprecis><attscale Sync="TRUE">0</attscale><attrdef Sync="TRUE">Internal feature number.</attrdef><attrdefs Sync="TRUE">Esri</attrdefs><attrdomv><udom Sync="TRUE">Sequential unique whole numbers that are automatically generated.</udom></attrdomv></attr><attr><attrlabl Sync="TRUE">NAME</attrlabl><attalias Sync="TRUE">NAME</attalias><attrtype Sync="TRUE">String</attrtype><attwidth Sync="TRUE">99</attwidth><attrdef Sync="TRUE">Feature geometry.</attrdef><attrdefs Sync="TRUE">ESRI</attrdefs><attrdomv><udom Sync="TRUE">Coordinates defining the features.</udom></attrdomv><atprecis Sync="TRUE">0</atprecis><attscale Sync="TRUE">0</attscale></attr><attr><attrlabl Sync="TRUE">Y</attrlabl><attalias Sync="TRUE">Y</attalias><attrtype Sync="TRUE">Double</attrtype><attwidth Sync="TRUE">19</attwidth><atprecis Sync="TRUE">18</atprecis><attscale Sync="TRUE">8</attscale></attr><attr><attrlabl Sync="TRUE">Shape</attrlabl><attalias Sync="TRUE">Shape</attalias><attrtype Sync="TRUE">Geometry</attrtype><attwidth Sync="TRUE">0</attwidth><attrdef Sync="TRUE">Feature geometry.</attrdef><attrdefs Sync="TRUE">ESRI</attrdefs><attrdomv><udom Sync="TRUE">Coordinates defining the features.</udom></attrdomv><atprecis Sync="TRUE">0</atprecis><attscale Sync="TRUE">0</attscale></attr><attr><attrlabl Sync="TRUE">TYPE</attrlabl><attalias Sync="TRUE">TYPE</attalias><attrtype Sync="TRUE">String</attrtype><attwidth Sync="TRUE">3</attwidth><atprecis Sync="TRUE">0</atprecis><attscale Sync="TRUE">0</attscale></attr><attr><attrlabl Sync="TRUE">MAPID</attrlabl><attalias Sync="TRUE">MAPID</attalias><attrtype Sync="TRUE">Double</attrtype><attwidth Sync="TRUE">11</attwidth><atprecis Sync="TRUE">11</atprecis><attscale Sync="TRUE">0</attscale></attr><attr><attrlabl Sync="TRUE">SECTOR</attrlabl><attalias Sync="TRUE">SECTOR</attalias><attrtype Sync="TRUE">String</attrtype><attwidth Sync="TRUE">75</attwidth><atprecis Sync="TRUE">0</atprecis><attscale Sync="TRUE">0</attscale></attr><attr><attrlabl Sync="TRUE">COUNCIL</attrlabl><attalias Sync="TRUE">COUNCIL</attalias><attrtype Sync="TRUE">String</attrtype><attwidth Sync="TRUE">25</attwidth><atprecis Sync="TRUE">0</atprecis><attscale Sync="TRUE">0</attscale></attr><attr><attrlabl Sync="TRUE">X</attrlabl><attalias Sync="TRUE">X</attalias><attrtype Sync="TRUE">Double</attrtype><attwidth Sync="TRUE">19</attwidth><atprecis Sync="TRUE">18</atprecis><attscale Sync="TRUE">8</attscale></attr><attr><attrlabl Sync="TRUE">ID_FIELD</attrlabl><attalias Sync="TRUE">ID_FIELD</attalias><attrtype Sync="TRUE">String</attrtype><attwidth Sync="TRUE">50</attwidth><atprecis Sync="TRUE">0</atprecis><attscale Sync="TRUE">0</attscale></attr><attr><attrlabl Sync="TRUE">NPD</attrlabl><attalias Sync="TRUE">NPD</attalias><attrtype Sync="TRUE">String</attrtype><attwidth Sync="TRUE">50</attwidth><atprecis Sync="TRUE">0</atprecis><attscale Sync="TRUE">0</attscale></attr><attr><attrlabl Sync="TRUE">USERID</attrlabl><attalias Sync="TRUE">USERID</attalias><attrtype Sync="TRUE">String</attrtype><attwidth Sync="TRUE">50</attwidth><atprecis Sync="TRUE">0</atprecis><attscale Sync="TRUE">0</attscale></attr><attr><attrlabl Sync="TRUE">DATESTAMP</attrlabl><attalias Sync="TRUE">DATESTAMP</attalias><attrtype Sync="TRUE">String</attrtype><attwidth Sync="TRUE">50</attwidth><atprecis Sync="TRUE">0</atprecis><attscale Sync="TRUE">0</attscale></attr><attr><attrlabl Sync="TRUE">Shape_STAr</attrlabl><attalias Sync="TRUE">Shape_STAr</attalias><attrtype Sync="TRUE">Double</attrtype><attwidth Sync="TRUE">19</attwidth><atprecis Sync="TRUE">0</atprecis><attscale Sync="TRUE">0</attscale></attr><attr><attrlabl Sync="TRUE">Shape_STLe</attrlabl><attalias Sync="TRUE">Shape_STLe</attalias><attrtype Sync="TRUE">Double</attrtype><attwidth Sync="TRUE">19</attwidth><atprecis Sync="TRUE">0</atprecis><attscale Sync="TRUE">0</attscale></attr></detailed></eainfo><mdDateSt Sync="TRUE">20260128</mdDateSt><dataqual><lineage><procstep><procdesc Sync="TRUE">Dataset copied.</procdesc><srcused Sync="TRUE">Server=gs004; Service=5151; Database=cfwgis; User=eyoung; Version=sde.DEFAULT</srcused><date Sync="TRUE">20020729</date><time Sync="TRUE">11595400</time></procstep><procstep><procdesc Sync="TRUE">Dataset copied.</procdesc><srcused Sync="TRUE"/><date Sync="TRUE">20020730</date><time Sync="TRUE">13363700</time></procstep><procstep><procdesc Sync="TRUE">Dataset copied.</procdesc><srcused Sync="TRUE">\\Fs100\Planning\GIS\SEW_Maps_Data\gggg.mdb</srcused><date Sync="TRUE">20071228</date><time Sync="TRUE">15041800</time></procstep><procstep><procdesc Sync="TRUE">Dataset copied.</procdesc><srcused Sync="TRUE"/><date Sync="TRUE">20071231</date><time Sync="TRUE">15265500</time></procstep></lineage></dataqual><spref><horizsys><cordsysn><geogcsn Sync="TRUE">GCS_North_American_1983</geogcsn><projcsn Sync="TRUE">NAD_1983_StatePlane_Texas_North_Central_FIPS_4202_Feet</projcsn></cordsysn><planar><planci><plance Sync="TRUE">coordinate pair</plance><plandu Sync="TRUE">survey feet</plandu><coordrep><absres Sync="TRUE">0.000328</absres><ordres Sync="TRUE">0.000328</ordres></coordrep></planci></planar><geodetic><horizdn Sync="TRUE">North American Datum of 1983</horizdn><ellips Sync="TRUE">Geodetic Reference System 80</ellips><semiaxis Sync="TRUE">6378137.000000</semiaxis><denflat Sync="TRUE">298.257222</denflat></geodetic></horizsys><vertdef><altsys><altenc Sync="TRUE">Explicit elevation coordinate included with horizontal coordinates</altenc><altres Sync="TRUE">1.000000</altres></altsys></vertdef></spref><refSysInfo><RefSystem><refSysID><identCode Sync="TRUE" code="2276">NAD_1983_StatePlane_Texas_North_Central_FIPS_4202_Feet</identCode><idCodeSpace Sync="TRUE">EPSG</idCodeSpace><idVersion Sync="TRUE">5.3(9.0.0)</idVersion></refSysID></RefSystem></refSysInfo></metadata>
