<metadata xml:lang="en"><Esri><CreaDate>20140607</CreaDate><CreaTime>02015100</CreaTime><SyncOnce>FALSE</SyncOnce><SyncDate>20260128</SyncDate><SyncTime>20135200</SyncTime><ModDate>20260128</ModDate><ModTime>20135200</ModTime><DataProperties><lineage><Process Name="Add Field" ToolSource="C:\Program Files\ArcGIS\ArcToolbox\Toolboxes\Data Management Tools.tbx\AddField" Date="20100915" Time="191339" export="">AddField "Database Connections\Connection to gs009 as sde.sde\CFWGIS.SDE.POL_PID_BOUNDARIES" Established DATE # # # # NULLABLE NON_REQUIRED # "Database Connections\Connection to gs009 as sde.sde\CFWGIS.SDE.POL_PID_BOUNDARIES"</Process><Process Name="Add Field (2)" ToolSource="C:\Program Files\ArcGIS\ArcToolbox\Toolboxes\Data Management Tools.tbx\AddField" Date="20100915" Time="191355" export="">AddField "Database Connections\Connection to gs009 as sde.sde\CFWGIS.SDE.POL_PID_BOUNDARIES" Term TEXT # # 15 # NULLABLE NON_REQUIRED # "Database Connections\Connection to gs009 as sde.sde\CFWGIS.SDE.POL_PID_BOUNDARIES"</Process><Process Name="Add Field (3)" ToolSource="C:\Program Files\ArcGIS\ArcToolbox\Toolboxes\Data Management Tools.tbx\AddField" Date="20100915" Time="191357" export="">AddField "Database Connections\Connection to gs009 as sde.sde\CFWGIS.SDE.POL_PID_BOUNDARIES" Dissolve TEXT # # 15 # NULLABLE NON_REQUIRED # "Database Connections\Connection to gs009 as sde.sde\CFWGIS.SDE.POL_PID_BOUNDARIES"</Process><Process Name="Add Field (4)" ToolSource="C:\Program Files\ArcGIS\ArcToolbox\Toolboxes\Data Management Tools.tbx\AddField" Date="20100915" Time="191359" export="">AddField "Database Connections\Connection to gs009 as sde.sde\CFWGIS.SDE.POL_PID_BOUNDARIES" Notes TEXT # # 150 # NULLABLE NON_REQUIRED # "Database Connections\Connection to gs009 as sde.sde\CFWGIS.SDE.POL_PID_BOUNDARIES"</Process><Process ToolSource="C:\Program Files\ArcGIS\Desktop10.0\ArcToolbox\Toolboxes\Data Management Tools.tbx\AddSpatialIndex" Date="20121104" Time="132352" Name="" export="">AddSpatialIndex "C:\\Documents and Settings\\BOIVINM\\Application Data\\ESRI\\Desktop10.0\\ArcCatalog\\\ModelBuilder_CFWGIS as sde.sde\CFWGIS.SDE.POL_PID_BOUNDARIES" 37000 0 0</Process><Process ToolSource="c:\program files (x86)\arcgis\desktop10.1\ArcToolbox\Toolboxes\Data Management Tools.tbx\Analyze" Date="20160516" Time="125428" Name="" export="">Analyze "Database Connections\CFWGIS_PROD_OSA.sde\CFWGIS.DBO.POL_PID_BOUNDARIES" BUSINESS;ADDS;DELETES</Process><Process ToolSource="c:\program files (x86)\arcgis\desktop10.1\ArcToolbox\Toolboxes\Data Management Tools.tbx\ChangePrivileges" Date="20160721" Time="150032" Name="" export="">ChangePrivileges 'Database Connections\CFWGIS_PROD_OSA.sde\CFWGIS.DBO.ADM_ADOPTED_NEZ';'Database Connections\CFWGIS_PROD_OSA.sde\CFWGIS.DBO.ADM_ADOPTED_NEZ';'Database Connections\CFWGIS_PROD_OSA.sde\CFWGIS.DBO.ADM_AFTER_SCHOOL_PROGRAMS';'Database Connections\CFWGIS_PROD_OSA.sde\CFWGIS.DBO.ADM_ALL_HISTORIC_DISTRICTS';'Database Connections\CFWGIS_PROD_OSA.sde\CFWGIS.DBO.ADM_BOA_CASES';'Database Connections\CFWGIS_PROD_OSA.sde\CFWGIS.DBO.ADM_CBD_H_ZONING';'Database Connections\CFWGIS_PROD_OSA.sde\CFWGIS.DBO.ADM_CBD_SCENIC_PRESERVATION';'Database Connections\CFWGIS_PROD_OSA.sde\CFWGIS.DBO.ADM_CENTRAL_CITY_BOUNDARY';'Database Connections\CFWGIS_PROD_OSA.sde\CFWGIS.DBO.ADM_COMMERCIAL_CORRIDORS';'Database Connections\CFWGIS_PROD_OSA.sde\CFWGIS.DBO.ADM_ENTERPRIZE_ZONES';'Database Connections\CFWGIS_PROD_OSA.sde\CFWGIS.DBO.ADM_EXISTING_MULTIFAMILY';'Database Connections\CFWGIS_PROD_OSA.sde\CFWGIS.DBO.ADM_FOREIGN_TRADE_ZONES';'Database Connections\CFWGIS_PROD_OSA.sde\CFWGIS.DBO.ADM_GROWTH_CENTERS';'Database Connections\CFWGIS_PROD_OSA.sde\CFWGIS.DBO.ADM_HISTORIC_PROPERTIES';'Database Connections\CFWGIS_PROD_OSA.sde\CFWGIS.DBO.ADM_HISTORIC_STUDY_AREAS';'Database Connections\CFWGIS_PROD_OSA.sde\CFWGIS.DBO.ADM_HOSPITALS';'Database Connections\CFWGIS_PROD_OSA.sde\CFWGIS.DBO.ADM_LOCAL_HISTORIC';'Database Connections\CFWGIS_PROD_OSA.sde\CFWGIS.DBO.ADM_NATIONAL_HISTORIC';'Database Connections\CFWGIS_PROD_OSA.sde\CFWGIS.DBO.ADM_PLANNING_AREA_PLANS';'Database Connections\CFWGIS_PROD_OSA.sde\CFWGIS.DBO.ADM_PLANNING_SECTORS';'Database Connections\CFWGIS_PROD_OSA.sde\CFWGIS.DBO.ADM_PLANNING_ZONING_CASES';'Database Connections\CFWGIS_PROD_OSA.sde\CFWGIS.DBO.ADM_PLANNING_ZONING_CASES_2005';'Database Connections\CFWGIS_PROD_OSA.sde\CFWGIS.DBO.ADM_PLANNING_ZONING_CASES_2006';'Database Connections\CFWGIS_PROD_OSA.sde\CFWGIS.DBO.ADM_PLANNING_ZONING_CASES_2007';'Database Connections\CFWGIS_PROD_OSA.sde\CFWGIS.DBO.ADM_PLANNING_ZONING_CASES_2008';'Database Connections\CFWGIS_PROD_OSA.sde\CFWGIS.DBO.ADM_PLANNING_ZONING_CASES_2015';'Database Connections\CFWGIS_PROD_OSA.sde\CFWGIS.DBO.ADM_PLANNING_ZONING_CHANGES';'Database Connections\CFWGIS_PROD_OSA.sde\CFWGIS.DBO.ADM_PROPOSED_HISTORIC';'Database Connections\CFWGIS_PROD_OSA.sde\CFWGIS.DBO.ADM_SCENIC_AREAS';'Database Connections\CFWGIS_PROD_OSA.sde\CFWGIS.DBO.ADM_SCENIC_CORRIDORS';'Database Connections\CFWGIS_PROD_OSA.sde\CFWGIS.DBO.ADM_SCHOOLS';'Database Connections\CFWGIS_PROD_OSA.sde\CFWGIS.DBO.ADM_SOB';'Database Connections\CFWGIS_PROD_OSA.sde\CFWGIS.DBO.ADM_SOB_BUFFER';'Database Connections\CFWGIS_PROD_OSA.sde\CFWGIS.DBO.ADM_TIFS';'Database Connections\CFWGIS_PROD_OSA.sde\CFWGIS.DBO.ADM_URBAN_VILLAGES';'Database Connections\CFWGIS_PROD_OSA.sde\CFWGIS.DBO.ADM_ZONING_CLASSIFICATIONS';'Database Connections\CFWGIS_PROD_OSA.sde\CFWGIS.DBO.CAD_INSPECTION_DISTRICTS';'Database Connections\CFWGIS_PROD_OSA.sde\CFWGIS.DBO.ENV_AIRPORT_NOISE_CONTOURS';'Database Connections\CFWGIS_PROD_OSA.sde\CFWGIS.DBO.HGM_CDBG_ELIGIBLE_AREA';'Database Connections\CFWGIS_PROD_OSA.sde\CFWGIS.DBO.HGM_CDBG_ELIGIBLE_AREA_H';'Database Connections\CFWGIS_PROD_OSA.sde\CFWGIS.DBO.HGM_DESIG_BUILDING_AREAS';'Database Connections\CFWGIS_PROD_OSA.sde\CFWGIS.DBO.HGM_FED_TARGET_AREAS';'Database Connections\CFWGIS_PROD_OSA.sde\CFWGIS.DBO.HGM_MODEL_BLOCKS';'Database Connections\CFWGIS_PROD_OSA.sde\CFWGIS.DBO.HGM_SPECIAL_TARGET_AREAS';'Database Connections\CFWGIS_PROD_OSA.sde\CFWGIS.DBO.IDX_ZONE_GRID';'Database Connections\CFWGIS_PROD_OSA.sde\CFWGIS.DBO.LND_COMP_PLAN';'Database Connections\CFWGIS_PROD_OSA.sde\CFWGIS.DBO.LND_COMP_PLAN_2006';'Database Connections\CFWGIS_PROD_OSA.sde\CFWGIS.DBO.LND_COMP_PLAN_2007';'Database Connections\CFWGIS_PROD_OSA.sde\CFWGIS.DBO.LND_COMP_PLAN_2009';'Database Connections\CFWGIS_PROD_OSA.sde\CFWGIS.DBO.LND_COMP_PLAN_2010';'Database Connections\CFWGIS_PROD_OSA.sde\CFWGIS.DBO.LND_COMP_PLAN_2011';'Database Connections\CFWGIS_PROD_OSA.sde\CFWGIS.DBO.LND_COMP_PLAN_2012';'Database Connections\CFWGIS_PROD_OSA.sde\CFWGIS.DBO.LND_COMP_PLAN_2015';'Database Connections\CFWGIS_PROD_OSA.sde\CFWGIS.DBO.LND_COMP_PLAN_2017';'Database Connections\CFWGIS_PROD_OSA.sde\CFWGIS.DBO.POL_2010_CENSUS_BLOCK_GROUPS';'Database Connections\CFWGIS_PROD_OSA.sde\CFWGIS.DBO.POL_2010_CENSUS_BLOCKS';'Database Connections\CFWGIS_PROD_OSA.sde\CFWGIS.DBO.POL_2010_CENSUS_TRACTS';'Database Connections\CFWGIS_PROD_OSA.sde\CFWGIS.DBO.POL_DISANNEXATION';'Database Connections\CFWGIS_PROD_OSA.sde\CFWGIS.DBO.POL_PID_BOUNDARIES';'Database Connections\CFWGIS_PROD_OSA.sde\CFWGIS.DBO.POL_VOTER_PRECINCTS';'Database Connections\CFWGIS_PROD_OSA.sde\CFWGIS.DBO.POL_WET_DRY_TARRANT';'Database Connections\CFWGIS_PROD_OSA.sde\CFWGIS.DBO.SRV_CHILD_CARE_FACILITIES';'Database Connections\CFWGIS_PROD_OSA.sde\CFWGIS.DBO.SRV_LIBRARIES';'Database Connections\CFWGIS_PROD_OSA.sde\CFWGIS.DBO.SRV_PLACES_OF_WORSHIP';'Database Connections\CFWGIS_PROD_OSA.sde\CFWGIS.DBO.TRN_AIRPORT_HAZARD_AREAS';'Database Connections\CFWGIS_PROD_OSA.sde\CFWGIS.DBO.TRN_AIRPORT_HEIGHT_REVIEW';'Database Connections\CFWGIS_PROD_OSA.sde\CFWGIS.DBO.UTL_COMPRESSOR_LOCATIONS';'Database Connections\CFWGIS_PROD_OSA.sde\CFWGIS.DBO.UTL_DISTRICTS';'Database Connections\CFWGIS_PROD_OSA.sde\CFWGIS.DBO.UTL_DISTRICTS_ANNO';'Database Connections\CFWGIS_PROD_OSA.sde\CFWGIS.DBO.UTL_GASWELL_LOCATIONS';'Database Connections\CFWGIS_PROD_OSA.sde\CFWGIS.DBO.UTL_PADSITE_DRILL_AREA' WatkinN GRANT GRANT</Process><Process ToolSource="c:\program files (x86)\arcgis\desktop10.1\ArcToolbox\Toolboxes\Data Management Tools.tbx\ChangePrivileges" Date="20160721" Time="150032" Name="" export="">ChangePrivileges 'Database Connections\CFWGIS_PROD_OSA.sde\CFWGIS.DBO.ADM_ADOPTED_NEZ';'Database Connections\CFWGIS_PROD_OSA.sde\CFWGIS.DBO.ADM_ADOPTED_NEZ';'Database Connections\CFWGIS_PROD_OSA.sde\CFWGIS.DBO.ADM_AFTER_SCHOOL_PROGRAMS';'Database Connections\CFWGIS_PROD_OSA.sde\CFWGIS.DBO.ADM_ALL_HISTORIC_DISTRICTS';'Database Connections\CFWGIS_PROD_OSA.sde\CFWGIS.DBO.ADM_BOA_CASES';'Database Connections\CFWGIS_PROD_OSA.sde\CFWGIS.DBO.ADM_CBD_H_ZONING';'Database Connections\CFWGIS_PROD_OSA.sde\CFWGIS.DBO.ADM_CBD_SCENIC_PRESERVATION';'Database Connections\CFWGIS_PROD_OSA.sde\CFWGIS.DBO.ADM_CENTRAL_CITY_BOUNDARY';'Database Connections\CFWGIS_PROD_OSA.sde\CFWGIS.DBO.ADM_COMMERCIAL_CORRIDORS';'Database Connections\CFWGIS_PROD_OSA.sde\CFWGIS.DBO.ADM_ENTERPRIZE_ZONES';'Database Connections\CFWGIS_PROD_OSA.sde\CFWGIS.DBO.ADM_EXISTING_MULTIFAMILY';'Database Connections\CFWGIS_PROD_OSA.sde\CFWGIS.DBO.ADM_FOREIGN_TRADE_ZONES';'Database Connections\CFWGIS_PROD_OSA.sde\CFWGIS.DBO.ADM_GROWTH_CENTERS';'Database Connections\CFWGIS_PROD_OSA.sde\CFWGIS.DBO.ADM_HISTORIC_PROPERTIES';'Database Connections\CFWGIS_PROD_OSA.sde\CFWGIS.DBO.ADM_HISTORIC_STUDY_AREAS';'Database Connections\CFWGIS_PROD_OSA.sde\CFWGIS.DBO.ADM_HOSPITALS';'Database Connections\CFWGIS_PROD_OSA.sde\CFWGIS.DBO.ADM_LOCAL_HISTORIC';'Database Connections\CFWGIS_PROD_OSA.sde\CFWGIS.DBO.ADM_NATIONAL_HISTORIC';'Database Connections\CFWGIS_PROD_OSA.sde\CFWGIS.DBO.ADM_PLANNING_AREA_PLANS';'Database Connections\CFWGIS_PROD_OSA.sde\CFWGIS.DBO.ADM_PLANNING_SECTORS';'Database Connections\CFWGIS_PROD_OSA.sde\CFWGIS.DBO.ADM_PLANNING_ZONING_CASES';'Database Connections\CFWGIS_PROD_OSA.sde\CFWGIS.DBO.ADM_PLANNING_ZONING_CASES_2005';'Database Connections\CFWGIS_PROD_OSA.sde\CFWGIS.DBO.ADM_PLANNING_ZONING_CASES_2006';'Database Connections\CFWGIS_PROD_OSA.sde\CFWGIS.DBO.ADM_PLANNING_ZONING_CASES_2007';'Database Connections\CFWGIS_PROD_OSA.sde\CFWGIS.DBO.ADM_PLANNING_ZONING_CASES_2008';'Database Connections\CFWGIS_PROD_OSA.sde\CFWGIS.DBO.ADM_PLANNING_ZONING_CASES_2015';'Database Connections\CFWGIS_PROD_OSA.sde\CFWGIS.DBO.ADM_PLANNING_ZONING_CHANGES';'Database Connections\CFWGIS_PROD_OSA.sde\CFWGIS.DBO.ADM_PROPOSED_HISTORIC';'Database Connections\CFWGIS_PROD_OSA.sde\CFWGIS.DBO.ADM_SCENIC_AREAS';'Database Connections\CFWGIS_PROD_OSA.sde\CFWGIS.DBO.ADM_SCENIC_CORRIDORS';'Database Connections\CFWGIS_PROD_OSA.sde\CFWGIS.DBO.ADM_SCHOOLS';'Database Connections\CFWGIS_PROD_OSA.sde\CFWGIS.DBO.ADM_SOB';'Database Connections\CFWGIS_PROD_OSA.sde\CFWGIS.DBO.ADM_SOB_BUFFER';'Database Connections\CFWGIS_PROD_OSA.sde\CFWGIS.DBO.ADM_TIFS';'Database Connections\CFWGIS_PROD_OSA.sde\CFWGIS.DBO.ADM_URBAN_VILLAGES';'Database Connections\CFWGIS_PROD_OSA.sde\CFWGIS.DBO.ADM_ZONING_CLASSIFICATIONS';'Database Connections\CFWGIS_PROD_OSA.sde\CFWGIS.DBO.CAD_INSPECTION_DISTRICTS';'Database Connections\CFWGIS_PROD_OSA.sde\CFWGIS.DBO.ENV_AIRPORT_NOISE_CONTOURS';'Database Connections\CFWGIS_PROD_OSA.sde\CFWGIS.DBO.HGM_CDBG_ELIGIBLE_AREA';'Database Connections\CFWGIS_PROD_OSA.sde\CFWGIS.DBO.HGM_CDBG_ELIGIBLE_AREA_H';'Database Connections\CFWGIS_PROD_OSA.sde\CFWGIS.DBO.HGM_DESIG_BUILDING_AREAS';'Database Connections\CFWGIS_PROD_OSA.sde\CFWGIS.DBO.HGM_FED_TARGET_AREAS';'Database Connections\CFWGIS_PROD_OSA.sde\CFWGIS.DBO.HGM_MODEL_BLOCKS';'Database Connections\CFWGIS_PROD_OSA.sde\CFWGIS.DBO.HGM_SPECIAL_TARGET_AREAS';'Database Connections\CFWGIS_PROD_OSA.sde\CFWGIS.DBO.IDX_ZONE_GRID';'Database Connections\CFWGIS_PROD_OSA.sde\CFWGIS.DBO.LND_COMP_PLAN';'Database Connections\CFWGIS_PROD_OSA.sde\CFWGIS.DBO.LND_COMP_PLAN_2006';'Database Connections\CFWGIS_PROD_OSA.sde\CFWGIS.DBO.LND_COMP_PLAN_2007';'Database Connections\CFWGIS_PROD_OSA.sde\CFWGIS.DBO.LND_COMP_PLAN_2009';'Database Connections\CFWGIS_PROD_OSA.sde\CFWGIS.DBO.LND_COMP_PLAN_2010';'Database Connections\CFWGIS_PROD_OSA.sde\CFWGIS.DBO.LND_COMP_PLAN_2011';'Database Connections\CFWGIS_PROD_OSA.sde\CFWGIS.DBO.LND_COMP_PLAN_2012';'Database Connections\CFWGIS_PROD_OSA.sde\CFWGIS.DBO.LND_COMP_PLAN_2015';'Database Connections\CFWGIS_PROD_OSA.sde\CFWGIS.DBO.LND_COMP_PLAN_2017';'Database Connections\CFWGIS_PROD_OSA.sde\CFWGIS.DBO.POL_2010_CENSUS_BLOCK_GROUPS';'Database Connections\CFWGIS_PROD_OSA.sde\CFWGIS.DBO.POL_2010_CENSUS_BLOCKS';'Database Connections\CFWGIS_PROD_OSA.sde\CFWGIS.DBO.POL_2010_CENSUS_TRACTS';'Database Connections\CFWGIS_PROD_OSA.sde\CFWGIS.DBO.POL_DISANNEXATION';'Database Connections\CFWGIS_PROD_OSA.sde\CFWGIS.DBO.POL_PID_BOUNDARIES';'Database Connections\CFWGIS_PROD_OSA.sde\CFWGIS.DBO.POL_VOTER_PRECINCTS';'Database Connections\CFWGIS_PROD_OSA.sde\CFWGIS.DBO.POL_WET_DRY_TARRANT';'Database Connections\CFWGIS_PROD_OSA.sde\CFWGIS.DBO.SRV_CHILD_CARE_FACILITIES';'Database Connections\CFWGIS_PROD_OSA.sde\CFWGIS.DBO.SRV_LIBRARIES';'Database Connections\CFWGIS_PROD_OSA.sde\CFWGIS.DBO.SRV_PLACES_OF_WORSHIP';'Database Connections\CFWGIS_PROD_OSA.sde\CFWGIS.DBO.TRN_AIRPORT_HAZARD_AREAS';'Database Connections\CFWGIS_PROD_OSA.sde\CFWGIS.DBO.TRN_AIRPORT_HEIGHT_REVIEW';'Database Connections\CFWGIS_PROD_OSA.sde\CFWGIS.DBO.UTL_COMPRESSOR_LOCATIONS';'Database Connections\CFWGIS_PROD_OSA.sde\CFWGIS.DBO.UTL_DISTRICTS';'Database Connections\CFWGIS_PROD_OSA.sde\CFWGIS.DBO.UTL_DISTRICTS_ANNO';'Database Connections\CFWGIS_PROD_OSA.sde\CFWGIS.DBO.UTL_GASWELL_LOCATIONS';'Database Connections\CFWGIS_PROD_OSA.sde\CFWGIS.DBO.UTL_PADSITE_DRILL_AREA' WatkinN GRANT GRANT</Process><Process ToolSource="c:\program files (x86)\arcgis\desktop10.1\ArcToolbox\Toolboxes\Data Management Tools.tbx\ChangePrivileges" Date="20160721" Time="150259" Name="" export="">ChangePrivileges 'Database Connections\CFWGIS_PROD_OSA.sde\CFWGIS.DBO.ADM_ADOPTED_NEZ';'Database Connections\CFWGIS_PROD_OSA.sde\CFWGIS.DBO.ADM_ADOPTED_NEZ';'Database Connections\CFWGIS_PROD_OSA.sde\CFWGIS.DBO.ADM_AFTER_SCHOOL_PROGRAMS';'Database Connections\CFWGIS_PROD_OSA.sde\CFWGIS.DBO.ADM_ALL_HISTORIC_DISTRICTS';'Database Connections\CFWGIS_PROD_OSA.sde\CFWGIS.DBO.ADM_BOA_CASES';'Database Connections\CFWGIS_PROD_OSA.sde\CFWGIS.DBO.ADM_CBD_H_ZONING';'Database Connections\CFWGIS_PROD_OSA.sde\CFWGIS.DBO.ADM_CBD_SCENIC_PRESERVATION';'Database Connections\CFWGIS_PROD_OSA.sde\CFWGIS.DBO.ADM_CENTRAL_CITY_BOUNDARY';'Database Connections\CFWGIS_PROD_OSA.sde\CFWGIS.DBO.ADM_COMMERCIAL_CORRIDORS';'Database Connections\CFWGIS_PROD_OSA.sde\CFWGIS.DBO.ADM_ENTERPRIZE_ZONES';'Database Connections\CFWGIS_PROD_OSA.sde\CFWGIS.DBO.ADM_EXISTING_MULTIFAMILY';'Database Connections\CFWGIS_PROD_OSA.sde\CFWGIS.DBO.ADM_FOREIGN_TRADE_ZONES';'Database Connections\CFWGIS_PROD_OSA.sde\CFWGIS.DBO.ADM_GROWTH_CENTERS';'Database Connections\CFWGIS_PROD_OSA.sde\CFWGIS.DBO.ADM_HISTORIC_PROPERTIES';'Database Connections\CFWGIS_PROD_OSA.sde\CFWGIS.DBO.ADM_HISTORIC_STUDY_AREAS';'Database Connections\CFWGIS_PROD_OSA.sde\CFWGIS.DBO.ADM_HOSPITALS';'Database Connections\CFWGIS_PROD_OSA.sde\CFWGIS.DBO.ADM_LOCAL_HISTORIC';'Database Connections\CFWGIS_PROD_OSA.sde\CFWGIS.DBO.ADM_NATIONAL_HISTORIC';'Database Connections\CFWGIS_PROD_OSA.sde\CFWGIS.DBO.ADM_PLANNING_AREA_PLANS';'Database Connections\CFWGIS_PROD_OSA.sde\CFWGIS.DBO.ADM_PLANNING_SECTORS';'Database Connections\CFWGIS_PROD_OSA.sde\CFWGIS.DBO.ADM_PLANNING_ZONING_CASES';'Database Connections\CFWGIS_PROD_OSA.sde\CFWGIS.DBO.ADM_PLANNING_ZONING_CASES_2005';'Database Connections\CFWGIS_PROD_OSA.sde\CFWGIS.DBO.ADM_PLANNING_ZONING_CASES_2006';'Database Connections\CFWGIS_PROD_OSA.sde\CFWGIS.DBO.ADM_PLANNING_ZONING_CASES_2007';'Database Connections\CFWGIS_PROD_OSA.sde\CFWGIS.DBO.ADM_PLANNING_ZONING_CASES_2008';'Database Connections\CFWGIS_PROD_OSA.sde\CFWGIS.DBO.ADM_PLANNING_ZONING_CASES_2015';'Database Connections\CFWGIS_PROD_OSA.sde\CFWGIS.DBO.ADM_PLANNING_ZONING_CHANGES';'Database Connections\CFWGIS_PROD_OSA.sde\CFWGIS.DBO.ADM_PROPOSED_HISTORIC';'Database Connections\CFWGIS_PROD_OSA.sde\CFWGIS.DBO.ADM_SCENIC_AREAS';'Database Connections\CFWGIS_PROD_OSA.sde\CFWGIS.DBO.ADM_SCENIC_CORRIDORS';'Database Connections\CFWGIS_PROD_OSA.sde\CFWGIS.DBO.ADM_SCHOOLS';'Database Connections\CFWGIS_PROD_OSA.sde\CFWGIS.DBO.ADM_SOB';'Database Connections\CFWGIS_PROD_OSA.sde\CFWGIS.DBO.ADM_SOB_BUFFER';'Database Connections\CFWGIS_PROD_OSA.sde\CFWGIS.DBO.ADM_TIFS';'Database Connections\CFWGIS_PROD_OSA.sde\CFWGIS.DBO.ADM_URBAN_VILLAGES';'Database Connections\CFWGIS_PROD_OSA.sde\CFWGIS.DBO.ADM_ZONING_CLASSIFICATIONS';'Database Connections\CFWGIS_PROD_OSA.sde\CFWGIS.DBO.CAD_INSPECTION_DISTRICTS';'Database Connections\CFWGIS_PROD_OSA.sde\CFWGIS.DBO.ENV_AIRPORT_NOISE_CONTOURS';'Database Connections\CFWGIS_PROD_OSA.sde\CFWGIS.DBO.HGM_CDBG_ELIGIBLE_AREA';'Database Connections\CFWGIS_PROD_OSA.sde\CFWGIS.DBO.HGM_CDBG_ELIGIBLE_AREA_H';'Database Connections\CFWGIS_PROD_OSA.sde\CFWGIS.DBO.HGM_DESIG_BUILDING_AREAS';'Database Connections\CFWGIS_PROD_OSA.sde\CFWGIS.DBO.HGM_FED_TARGET_AREAS';'Database Connections\CFWGIS_PROD_OSA.sde\CFWGIS.DBO.HGM_MODEL_BLOCKS';'Database Connections\CFWGIS_PROD_OSA.sde\CFWGIS.DBO.HGM_SPECIAL_TARGET_AREAS';'Database Connections\CFWGIS_PROD_OSA.sde\CFWGIS.DBO.IDX_ZONE_GRID';'Database Connections\CFWGIS_PROD_OSA.sde\CFWGIS.DBO.LND_COMP_PLAN';'Database Connections\CFWGIS_PROD_OSA.sde\CFWGIS.DBO.LND_COMP_PLAN_2006';'Database Connections\CFWGIS_PROD_OSA.sde\CFWGIS.DBO.LND_COMP_PLAN_2007';'Database Connections\CFWGIS_PROD_OSA.sde\CFWGIS.DBO.LND_COMP_PLAN_2009';'Database Connections\CFWGIS_PROD_OSA.sde\CFWGIS.DBO.LND_COMP_PLAN_2010';'Database Connections\CFWGIS_PROD_OSA.sde\CFWGIS.DBO.LND_COMP_PLAN_2011';'Database Connections\CFWGIS_PROD_OSA.sde\CFWGIS.DBO.LND_COMP_PLAN_2012';'Database Connections\CFWGIS_PROD_OSA.sde\CFWGIS.DBO.LND_COMP_PLAN_2015';'Database Connections\CFWGIS_PROD_OSA.sde\CFWGIS.DBO.LND_COMP_PLAN_2017';'Database Connections\CFWGIS_PROD_OSA.sde\CFWGIS.DBO.POL_2010_CENSUS_BLOCK_GROUPS';'Database Connections\CFWGIS_PROD_OSA.sde\CFWGIS.DBO.POL_2010_CENSUS_BLOCKS';'Database Connections\CFWGIS_PROD_OSA.sde\CFWGIS.DBO.POL_2010_CENSUS_TRACTS';'Database Connections\CFWGIS_PROD_OSA.sde\CFWGIS.DBO.POL_DISANNEXATION';'Database Connections\CFWGIS_PROD_OSA.sde\CFWGIS.DBO.POL_PID_BOUNDARIES';'Database Connections\CFWGIS_PROD_OSA.sde\CFWGIS.DBO.POL_VOTER_PRECINCTS';'Database Connections\CFWGIS_PROD_OSA.sde\CFWGIS.DBO.POL_WET_DRY_TARRANT';'Database Connections\CFWGIS_PROD_OSA.sde\CFWGIS.DBO.SRV_CHILD_CARE_FACILITIES';'Database Connections\CFWGIS_PROD_OSA.sde\CFWGIS.DBO.SRV_LIBRARIES';'Database Connections\CFWGIS_PROD_OSA.sde\CFWGIS.DBO.SRV_PLACES_OF_WORSHIP';'Database Connections\CFWGIS_PROD_OSA.sde\CFWGIS.DBO.TRN_AIRPORT_HAZARD_AREAS';'Database Connections\CFWGIS_PROD_OSA.sde\CFWGIS.DBO.TRN_AIRPORT_HEIGHT_REVIEW';'Database Connections\CFWGIS_PROD_OSA.sde\CFWGIS.DBO.UTL_COMPRESSOR_LOCATIONS';'Database Connections\CFWGIS_PROD_OSA.sde\CFWGIS.DBO.UTL_DISTRICTS';'Database Connections\CFWGIS_PROD_OSA.sde\CFWGIS.DBO.UTL_DISTRICTS_ANNO';'Database Connections\CFWGIS_PROD_OSA.sde\CFWGIS.DBO.UTL_GASWELL_LOCATIONS';'Database Connections\CFWGIS_PROD_OSA.sde\CFWGIS.DBO.UTL_PADSITE_DRILL_AREA' WhiteS REVOKE REVOKE</Process><Process ToolSource="c:\program files (x86)\arcgis\desktop10.1\ArcToolbox\Toolboxes\Data Management Tools.tbx\RemoveSpatialIndex" Date="20161009" Time="013059" Name="" export="">RemoveSpatialIndex "Database Connections/CFWGIS_PROD_OSA.sde\CFWGIS.DBO.POL_PID_BOUNDARIES"</Process><Process ToolSource="c:\program files (x86)\arcgis\desktop10.1\ArcToolbox\Toolboxes\Data Management Tools.tbx\AddSpatialIndex" Date="20161009" Time="013101" Name="" export="">AddSpatialIndex "Database Connections/CFWGIS_PROD_OSA.sde\CFWGIS.DBO.POL_PID_BOUNDARIES" -6 0 0</Process><Process ToolSource="c:\program files\arcgis\pro\Resources\ArcToolbox\toolboxes\Data Management Tools.tbx\Append" Date="20241101" Time="160409" Name="" export="">Append Veale_Ranch_TIF_PID CFWGIS.DBO.POL_PID_BOUNDARIES "Use the field map to reconcile field differences" "OBJECTID "OBJECTID" true true false 8 Double 0 0,First,#;ID "ID" true true false 8 Double 0 0,First,#;PID_ID "PID_ID" true true false 10 Text 0 0,First,#;Name "Name" true true false 50 Text 0 0,First,#,Veale_Ranch_TIF_PID,PROP_ID,0,49;Established "Established" true true false 8 Date 0 0,First,#;Term "Term" true true false 15 Text 0 0,First,#;Dissolve "Dissolve" true true false 15 Text 0 0,First,#;Notes "Notes" true true false 150 Text 0 0,First,#" # # # NOT_UPDATE_GEOMETRY</Process><Process ToolSource="c:\program files (x86)\arcgis\desktop10.8\ArcToolbox\Toolboxes\Data Management Tools.tbx\CopyFeatures" Date="20260128" Time="201352">CopyFeatures "Database Connections\CFWGIS_PROD_OSA.sde\CFWGIS.DBO.POL_PID_BOUNDARIES" \\gsweb01\giszipfiles\shapefiles\POL_PID_BOUNDARIES.shp # 0 0 0</Process></lineage><itemProps><itemLocation><linkage Sync="TRUE">file://\\gsweb01\giszipfiles\shapefiles\POL_PID_BOUNDARIES.shp</linkage><protocol Sync="TRUE">Local Area Network</protocol></itemLocation><itemName Sync="TRUE">POL_PID_BOUNDARIES</itemName><imsContentType Sync="TRUE" export="False">002</imsContentType><nativeExtBox><westBL Sync="TRUE">2249026.919248</westBL><eastBL Sync="TRUE">2360129.890007</eastBL><southBL Sync="TRUE">6893410.692253</southBL><northBL Sync="TRUE">7020953.999956</northBL><exTypeCode Sync="TRUE">1</exTypeCode></nativeExtBox><itemSize Sync="TRUE">0.000</itemSize></itemProps><coordRef><type Sync="TRUE">Projected</type><geogcsn Sync="TRUE">GCS_North_American_1983</geogcsn><csUnits Sync="TRUE">Linear Unit: Foot_US (0.304801)</csUnits><projcsn Sync="TRUE">NAD_1983_StatePlane_Texas_North_Central_FIPS_4202_Feet</projcsn><peXml Sync="TRUE">&lt;ProjectedCoordinateSystem xsi:type='typens:ProjectedCoordinateSystem' xmlns:xsi='http://www.w3.org/2001/XMLSchema-instance' xmlns:xs='http://www.w3.org/2001/XMLSchema' xmlns:typens='http://www.esri.com/schemas/ArcGIS/10.8'&gt;&lt;WKT&gt;PROJCS[&amp;quot;NAD_1983_StatePlane_Texas_North_Central_FIPS_4202_Feet&amp;quot;,GEOGCS[&amp;quot;GCS_North_American_1983&amp;quot;,DATUM[&amp;quot;D_North_American_1983&amp;quot;,SPHEROID[&amp;quot;GRS_1980&amp;quot;,6378137.0,298.257222101]],PRIMEM[&amp;quot;Greenwich&amp;quot;,0.0],UNIT[&amp;quot;Degree&amp;quot;,0.0174532925199433]],PROJECTION[&amp;quot;Lambert_Conformal_Conic&amp;quot;],PARAMETER[&amp;quot;False_Easting&amp;quot;,1968500.0],PARAMETER[&amp;quot;False_Northing&amp;quot;,6561666.666666666],PARAMETER[&amp;quot;Central_Meridian&amp;quot;,-98.5],PARAMETER[&amp;quot;Standard_Parallel_1&amp;quot;,32.13333333333333],PARAMETER[&amp;quot;Standard_Parallel_2&amp;quot;,33.96666666666667],PARAMETER[&amp;quot;Latitude_Of_Origin&amp;quot;,31.66666666666667],UNIT[&amp;quot;Foot_US&amp;quot;,0.3048006096012192],AUTHORITY[&amp;quot;EPSG&amp;quot;,2276]]&lt;/WKT&gt;&lt;XOrigin&gt;-123407700&lt;/XOrigin&gt;&lt;YOrigin&gt;-86123500&lt;/YOrigin&gt;&lt;XYScale&gt;35920690.11000888&lt;/XYScale&gt;&lt;ZOrigin&gt;-100000&lt;/ZOrigin&gt;&lt;ZScale&gt;10000&lt;/ZScale&gt;&lt;MOrigin&gt;-100000&lt;/MOrigin&gt;&lt;MScale&gt;10000&lt;/MScale&gt;&lt;XYTolerance&gt;0.0032808333333333331&lt;/XYTolerance&gt;&lt;ZTolerance&gt;0.001&lt;/ZTolerance&gt;&lt;MTolerance&gt;0.001&lt;/MTolerance&gt;&lt;HighPrecision&gt;true&lt;/HighPrecision&gt;&lt;WKID&gt;102738&lt;/WKID&gt;&lt;LatestWKID&gt;2276&lt;/LatestWKID&gt;&lt;/ProjectedCoordinateSystem&gt;</peXml></coordRef></DataProperties><ArcGISFormat>1.0</ArcGISFormat><scaleRange><minScale>150000000</minScale><maxScale>5000</maxScale></scaleRange><ArcGISProfile>ISO19139</ArcGISProfile></Esri><idinfo><native Sync="TRUE">Microsoft Windows XP Version 5.1 (Build 2600) Service Pack 2; ESRI ArcCatalog 9.3.1.1850</native><descript><langdata Sync="TRUE">en</langdata><abstract>REQUIRED: A brief narrative summary of the data set.</abstract><purpose>REQUIRED: A summary of the intentions with which the data set was developed.</purpose></descript><citation><citeinfo><origin>REQUIRED: The name of an organization or individual that developed the data set.</origin><pubdate>REQUIRED: The date when the data set is published or otherwise made available for release.</pubdate><title Sync="TRUE">CFWGIS.SDE.POL_PID_BOUNDARIES</title><ftname Sync="TRUE">CFWGIS.SDE.POL_PID_BOUNDARIES</ftname><geoform Sync="TRUE">vector digital data</geoform><onlink Sync="TRUE">Server=gs009; Service=sde:sqlserver:gs009; Database=cfwgis; Version=sde.DEFAULT</onlink></citeinfo></citation><timeperd><current>REQUIRED: The basis on which the time period of content information is determined.</current><timeinfo><sngdate><caldate>REQUIRED: The year (and optionally month, or month and day) for which the data set corresponds to the ground.</caldate></sngdate></timeinfo></timeperd><status><progress>REQUIRED: The state of the data set.</progress><update>REQUIRED: The frequency with which changes and additions are made to the data set after the initial data set is completed.</update></status><spdom><bounding><westbc Sync="TRUE">-97.480853</westbc><eastbc Sync="TRUE">-97.258805</eastbc><northbc Sync="TRUE">32.934872</northbc><southbc Sync="TRUE">32.689643</southbc></bounding><lboundng><leftbc Sync="TRUE">2282018.656495</leftbc><rightbc Sync="TRUE">2349287.099949</rightbc><bottombc Sync="TRUE">6936080.856837</bottombc><topbc Sync="TRUE">7024578.209623</topbc></lboundng></spdom><keywords><theme><themekt>REQUIRED: Reference to a formally registered thesaurus or a similar authoritative source of theme keywords.</themekt><themekey>REQUIRED: Common-use word or phrase used to describe the subject of the data set.</themekey></theme></keywords><accconst>REQUIRED: Restrictions and legal prerequisites for accessing the data set.</accconst><useconst>REQUIRED: Restrictions and legal prerequisites for using the data set after access is granted.</useconst><natvform Sync="TRUE">SDE Feature Class</natvform></idinfo><dataIdInfo><envirDesc Sync="TRUE"> Version 6.2 (Build 9200) ; Esri ArcGIS 10.8.1.14362</envirDesc><dataLang><languageCode Sync="TRUE" value="eng"/><countryCode value="USA" Sync="TRUE"/></dataLang><idCitation xmlns=""><resTitle Sync="TRUE">POL_PID_BOUNDARIES</resTitle><presForm xmlns=""><PresFormCd Sync="TRUE" value="005"/></presForm><date><createDate>2010-09-15T00:00:00</createDate></date><citRespParty xmlns=""><rpIndName>April Ramirez</rpIndName><rpOrgName>FWLab</rpOrgName><rpPosName>Management Analyst II</rpPosName><role><RoleCd value="003"/></role><rpCntInfo xmlns=""><cntAddress addressType="both"><delPoint>100 Fort Worth Trl</delPoint><city>Fort Worth</city><adminArea>TX</adminArea><postCode>76102</postCode><eMailAdd>april.ramirez@fortworthtexas.gov</eMailAdd><country>US</country></cntAddress></rpCntInfo></citRespParty></idCitation><spatRpType><SpatRepTypCd Sync="TRUE" value="001"/></spatRpType><dataExt><geoEle><GeoBndBox esriExtentType="native"><westBL Sync="TRUE">2282018.656495</westBL><eastBL Sync="TRUE">2349287.099949</eastBL><northBL Sync="TRUE">7024578.209623</northBL><southBL Sync="TRUE">6936080.856837</southBL><exTypeCode Sync="TRUE">1</exTypeCode></GeoBndBox></geoEle></dataExt><geoBox esriExtentType="decdegrees"><westBL Sync="TRUE">-97.480853</westBL><eastBL Sync="TRUE">-97.258805</eastBL><northBL Sync="TRUE">32.934872</northBL><southBL Sync="TRUE">32.689643</southBL><exTypeCode Sync="TRUE">1</exTypeCode></geoBox><dataExt><geoEle xmlns=""><GeoBndBox esriExtentType="search"><exTypeCode Sync="TRUE">1</exTypeCode><westBL Sync="TRUE">-97.589295</westBL><eastBL Sync="TRUE">-97.223610</eastBL><northBL Sync="TRUE">32.925747</northBL><southBL Sync="TRUE">32.572006</southBL></GeoBndBox></geoEle></dataExt><idPurp>Public Improvement Districts (PIDs) are defined geographical areas established to provide specific types of improvements or maintenance, which are financed by assessments against the property owners within the area. This data is updated as needed to reflect new PIDs following approval.</idPurp><idAbs>&lt;DIV STYLE="text-align:Left;"&gt;&lt;DIV&gt;&lt;DIV&gt;&lt;P&gt;&lt;SPAN&gt;Public Improvement Districts (PIDs) are defined geographical areas established to provide specific types of improvements or maintenance, which are financed by assessments against the property owners within the area. PIDs provide the city with a development tool that allocates costs according to the benefits received. A PID can provide funding for supplemental services and improvements that meet the needs of the community, that could not otherwise be constructed or provided.&lt;/SPAN&gt;&lt;/P&gt;&lt;P&gt;&lt;SPAN&gt;Chapter 372 of the Texas Local Government Code authorizes the creation of PIDs by cities. The owners of the properties in the defined PID area can request the City to form a PID through a petition, which may include the establishment of an Advisory Body. Once an Advisory Body is established, the property owners within the PID have control over the types of improvements, level of maintenance, and amount of assessments to be levied against the property owners. For more about Public Improvement Districts, see FWLab's page on the &lt;/SPAN&gt;&lt;A href="https://www.fortworthtexas.gov/departments/the-fwlab/pid" target="_blank" STYLE="text-decoration:underline;"&gt;&lt;SPAN&gt;PID program&lt;/SPAN&gt;&lt;/A&gt;&lt;SPAN&gt;.&lt;/SPAN&gt;&lt;/P&gt;&lt;P&gt;&lt;SPAN&gt;This data depicts the boundaries of all active PIDs within the City of Fort Worth. This data is maintained by the FWLab Department and is updated as new districts are approved. &lt;/SPAN&gt;&lt;/P&gt;&lt;/DIV&gt;&lt;/DIV&gt;&lt;/DIV&gt;</idAbs><idPoC xmlns=""><rpIndName>April Ramirez</rpIndName><rpOrgName>FWLab</rpOrgName><rpPosName>Management Analyst II</rpPosName><role><RoleCd value="003"/></role><rpCntInfo xmlns=""><cntAddress addressType="both"><delPoint>100 Fort Worth Trl</delPoint><city>Fort Worth</city><adminArea>TX</adminArea><postCode>76102</postCode><eMailAdd>april.ramirez@fortworthtexas.gov</eMailAdd><country>US</country></cntAddress></rpCntInfo><displayName>April Ramirez</displayName></idPoC><resMaint xmlns=""><maintFreq><MaintFreqCd value="009"/></maintFreq><maintCont xmlns=""><rpIndName>April Ramirez</rpIndName><rpOrgName>FWLab</rpOrgName><rpPosName>Management Analyst II</rpPosName><role><RoleCd value="003"/></role><rpCntInfo><cntAddress addressType="both"><delPoint>100 Fort Worth Trl</delPoint><city>Fort Worth</city><adminArea>TX</adminArea><postCode>76102</postCode><eMailAdd>april.ramirez@fortworthtexas.gov</eMailAdd><country>US</country></cntAddress></rpCntInfo><displayName>April Ramirez</displayName></maintCont></resMaint><tpCat><TopicCatCd value="005"/></tpCat><tpCat><TopicCatCd value="015"/></tpCat></dataIdInfo><metainfo><langmeta Sync="TRUE">en</langmeta><metstdn Sync="TRUE">FGDC Content Standards for Digital Geospatial Metadata</metstdn><metstdv Sync="TRUE">FGDC-STD-001-1998</metstdv><mettc Sync="TRUE">local time</mettc><metc><cntinfo><cntorgp><cntper>REQUIRED: The person responsible for the metadata information.</cntper><cntorg>REQUIRED: The organization responsible for the metadata information.</cntorg></cntorgp><cntaddr><addrtype>REQUIRED: The mailing and/or physical address for the organization or individual.</addrtype><city>REQUIRED: The city of the address.</city><state>REQUIRED: The state or province of the address.</state><postal>REQUIRED: The ZIP or other postal code of the address.</postal></cntaddr><cntvoice>REQUIRED: The telephone number by which individuals can speak to the organization or individual.</cntvoice></cntinfo></metc><metd Sync="TRUE">20090918</metd></metainfo><mdLang><languageCode Sync="TRUE" value="eng"/><countryCode value="USA" Sync="TRUE"/></mdLang><mdStanName Sync="TRUE">ISO 19115 Geographic Information - Metadata</mdStanName><mdStanVer Sync="TRUE">DIS_ESRI1.0</mdStanVer><mdChar><CharSetCd Sync="TRUE" value="004"/></mdChar><mdHrLv><ScopeCd Sync="TRUE" value="005"/></mdHrLv><mdHrLvName Sync="TRUE">dataset</mdHrLvName><distinfo><resdesc Sync="TRUE">Downloadable Data</resdesc></distinfo><distInfo><distributor><distorTran><onLineSrc><orDesc Sync="TRUE">002</orDesc><linkage Sync="TRUE">Server=gs009; Service=sde:sqlserver:gs009; Database=cfwgis; Version=sde.DEFAULT</linkage><protocol Sync="TRUE">ArcSDE Connection</protocol></onLineSrc></distorTran><distorFormat><formatName Sync="TRUE">SDE Feature Class</formatName></distorFormat></distributor><distFormat><formatName Sync="TRUE">Shapefile</formatName></distFormat><distTranOps><transSize Sync="TRUE">0.000</transSize></distTranOps></distInfo><spdoinfo><direct Sync="TRUE">Vector</direct><ptvctinf><esriterm Name="POL_PID_BOUNDARIES"><efeatyp Sync="TRUE">Simple</efeatyp><efeageom code="4" Sync="TRUE"></efeageom><esritopo Sync="TRUE">FALSE</esritopo><efeacnt Sync="TRUE">0</efeacnt><spindex Sync="TRUE">FALSE</spindex><linrefer Sync="TRUE">FALSE</linrefer></esriterm></ptvctinf></spdoinfo><spref><horizsys><cordsysn><geogcsn Sync="TRUE">GCS_North_American_1983</geogcsn><projcsn Sync="TRUE">NAD_1983_StatePlane_Texas_North_Central_FIPS_4202_Feet</projcsn></cordsysn><planar><planci><plance Sync="TRUE">coordinate pair</plance><plandu Sync="TRUE">survey feet</plandu><coordrep><absres Sync="TRUE">0.000128</absres><ordres Sync="TRUE">0.000128</ordres></coordrep></planci></planar><geodetic><horizdn Sync="TRUE">North American Datum of 1983</horizdn><ellips Sync="TRUE">Geodetic Reference System 80</ellips><semiaxis Sync="TRUE">6378137.000000</semiaxis><denflat Sync="TRUE">298.257222</denflat></geodetic></horizsys><vertdef><altsys><altenc Sync="TRUE">Explicit elevation coordinate included with horizontal coordinates</altenc><altres Sync="TRUE">1.000000</altres></altsys></vertdef></spref><refSysInfo><RefSystem><refSysID><identCode Sync="TRUE" code="2276">NAD_1983_StatePlane_Texas_North_Central_FIPS_4202_Feet</identCode><idCodeSpace Sync="TRUE">EPSG</idCodeSpace><idVersion Sync="TRUE">5.3(9.0.0)</idVersion></refSysID></RefSystem></refSysInfo><spatRepInfo><VectSpatRep><geometObjs Name="POL_PID_BOUNDARIES"><geoObjTyp><GeoObjTypCd value="002" Sync="TRUE"></GeoObjTypCd></geoObjTyp><geoObjCnt Sync="TRUE">0</geoObjCnt></geometObjs><topLvl><TopoLevCd value="001" Sync="TRUE"></TopoLevCd></topLvl></VectSpatRep></spatRepInfo><eainfo><detailed Name="POL_PID_BOUNDARIES"><enttyp><enttypl Sync="TRUE">POL_PID_BOUNDARIES</enttypl><enttypt Sync="TRUE">Feature Class</enttypt><enttypc Sync="TRUE">0</enttypc></enttyp><attr><attrlabl Sync="TRUE">FID</attrlabl><attalias Sync="TRUE">FID</attalias><attrtype Sync="TRUE">OID</attrtype><attwidth Sync="TRUE">4</attwidth><atprecis Sync="TRUE">0</atprecis><attscale Sync="TRUE">0</attscale><attrdef Sync="TRUE">Internal feature number.</attrdef><attrdefs Sync="TRUE">Esri</attrdefs><attrdomv><udom Sync="TRUE">Sequential unique whole numbers that are automatically generated.</udom></attrdomv></attr><attr><attrlabl Sync="TRUE">OBJECTID</attrlabl><attalias Sync="TRUE">OBJECTID</attalias><attrtype Sync="TRUE">Integer</attrtype><attwidth Sync="TRUE">10</attwidth><atprecis Sync="TRUE">10</atprecis><attscale Sync="TRUE">0</attscale></attr><attr><attrlabl Sync="TRUE">ID</attrlabl><attalias Sync="TRUE">ID</attalias><attrtype Sync="TRUE">Integer</attrtype><attwidth Sync="TRUE">10</attwidth><atprecis Sync="TRUE">10</atprecis><attscale Sync="TRUE">0</attscale></attr><attr><attrlabl Sync="TRUE">PID_ID</attrlabl><attalias Sync="TRUE">PID_ID</attalias><attrtype Sync="TRUE">String</attrtype><attwidth Sync="TRUE">10</attwidth><atprecis Sync="TRUE">0</atprecis><attscale Sync="TRUE">0</attscale></attr><attr><attrlabl Sync="TRUE">Shape</attrlabl><attalias Sync="TRUE">Shape</attalias><attrtype Sync="TRUE">Geometry</attrtype><attwidth Sync="TRUE">0</attwidth><atprecis Sync="TRUE">0</atprecis><attscale Sync="TRUE">0</attscale><attrdef Sync="TRUE">Feature geometry.</attrdef><attrdefs Sync="TRUE">ESRI</attrdefs><attrdomv><udom Sync="TRUE">Coordinates defining the features.</udom></attrdomv></attr><attr><attrlabl Sync="TRUE">Term</attrlabl><attalias Sync="TRUE">Term</attalias><attrtype Sync="TRUE">String</attrtype><attwidth Sync="TRUE">15</attwidth><atprecis Sync="TRUE">0</atprecis><attscale Sync="TRUE">0</attscale></attr><attr><attrlabl Sync="TRUE">Establishe</attrlabl><attalias Sync="TRUE">Establishe</attalias><attrtype Sync="TRUE">Date</attrtype><attwidth Sync="TRUE">8</attwidth><atprecis Sync="TRUE">0</atprecis><attscale Sync="TRUE">0</attscale></attr><attr><attrlabl Sync="TRUE">Dissolve</attrlabl><attalias Sync="TRUE">Dissolve</attalias><attrtype Sync="TRUE">String</attrtype><attwidth Sync="TRUE">15</attwidth><atprecis Sync="TRUE">0</atprecis><attscale Sync="TRUE">0</attscale></attr><attr><attrlabl Sync="TRUE">Notes</attrlabl><attalias Sync="TRUE">Notes</attalias><attrtype Sync="TRUE">String</attrtype><attwidth Sync="TRUE">150</attwidth><atprecis Sync="TRUE">0</atprecis><attscale Sync="TRUE">0</attscale></attr><attr><attrlabl Sync="TRUE">Name</attrlabl><attalias Sync="TRUE">Name</attalias><attrtype Sync="TRUE">String</attrtype><attwidth Sync="TRUE">50</attwidth><atprecis Sync="TRUE">0</atprecis><attscale Sync="TRUE">0</attscale></attr><attr><attrlabl Sync="TRUE">Shape_STAr</attrlabl><attalias Sync="TRUE">Shape_STAr</attalias><attrtype Sync="TRUE">Double</attrtype><attwidth Sync="TRUE">19</attwidth><atprecis Sync="TRUE">0</atprecis><attscale Sync="TRUE">0</attscale></attr><attr><attrlabl Sync="TRUE">Shape_STLe</attrlabl><attalias Sync="TRUE">Shape_STLe</attalias><attrtype Sync="TRUE">Double</attrtype><attwidth Sync="TRUE">19</attwidth><atprecis Sync="TRUE">0</atprecis><attscale Sync="TRUE">0</attscale></attr></detailed></eainfo><mdDateSt Sync="TRUE">20260128</mdDateSt><mdContact xmlns=""><rpIndName>April Ramirez</rpIndName><rpOrgName>FWLab</rpOrgName><rpPosName>Management Analyst II</rpPosName><role><RoleCd value="003"/></role><rpCntInfo><cntAddress addressType="both"><delPoint>100 Fort Worth Trl</delPoint><city>Fort Worth</city><adminArea>TX</adminArea><postCode>76102</postCode><eMailAdd>april.ramirez@fortworthtexas.gov</eMailAdd><country>US</country></cntAddress></rpCntInfo><editorSave>False</editorSave><displayName>April Ramirez</displayName></mdContact></metadata>
