<metadata xml:lang="en"><Esri><CreaDate>20030210</CreaDate><ArcGISFormat>1.0</ArcGISFormat><SyncOnce>FALSE</SyncOnce><DataProperties><lineage><Process Date="2003" Name="" ToolSource="" export="">The neighborhood polygons were created using information provided by the individual neighborhoods.  The polygons were then drawn based on City of Fort Worth Land Use and Streets to ensure that the polygons do not have overlapping boundaries</Process><Process ToolSource="C:\Program Files\ArcGIS\Desktop10.0\ArcToolbox\Toolboxes\Data Management Tools.tbx\AddSpatialIndex" Date="20121104" Time="132316" Name="" export="">AddSpatialIndex "C:\\Documents and Settings\\BOIVINM\\Application Data\\ESRI\\Desktop10.0\\ArcCatalog\\\ModelBuilder_CFWGIS as sde.sde\CFWGIS.SDE.ADM_NEIGHBORHOOD_ORGS" 12000 0 0</Process><Process ToolSource="C:\Program Files\ArcGIS\Desktop10.0\ArcToolbox\Toolboxes\Data Management Tools.tbx\ChangePrivileges" Date="20121212" Time="141741" Name="" export="">ChangePrivileges 'Database Connections\Connection to GS009.sde\CFWGIS.SDE.ADM_NEIGHBORHOOD_ALLIANCES';'Database Connections\Connection to GS009.sde\CFWGIS.SDE.ADM_NEIGHBORHOOD_ORGS';'Database Connections\Connection to GS009.sde\cfwgis.SDE.ADM_NEIGHBORHOOD_REDEV_ORGS';'Database Connections\Connection to GS009.sde\CFWGIS.SDE.SRV_CHURCHES' CFW\KentD GRANT GRANT</Process><Process ToolSource="C:\Program Files\ArcGIS\Desktop10.0\ArcToolbox\Toolboxes\Data Management Tools.tbx\CalculateField" Date="20130319" Time="151918" Name="" export="">CalculateField CFWGIS.SDE.ADM_NEIGHBORHOOD_ORGS Y_CENTROID [Y_CENTROID] VB #</Process><Process ToolSource="C:\Program Files (x86)\ArcGIS\Desktop10.0\ArcToolbox\Toolboxes\Data Management Tools.tbx\ChangePrivileges" Date="20130905" Time="163200" Name="" export="">ChangePrivileges 'Database Connections\GS009 CFWGIS Admin.sde\CFWGIS.SDE.ADM_NEIGHBORHOOD_ALLIANCES';'Database Connections\GS009 CFWGIS Admin.sde\CFWGIS.SDE.ADM_NEIGHBORHOOD_ORGS';'Database Connections\GS009 CFWGIS Admin.sde\cfwgis.SDE.ADM_NEIGHBORHOOD_REDEV_ORGS';'Database Connections\GS009 CFWGIS Admin.sde\CFWGIS.SDE.SRV_CHURCHES' CFW\LocketA GRANT GRANT</Process><Process ToolSource="C:\Program Files\ArcGIS\Desktop10.0\ArcToolbox\Toolboxes\Data Management Tools.tbx\Append" Date="20131004" Time="153153" Name="" export="">Append TheParksatWillowRidgeHOA CFWGIS.SDE.ADM_NEIGHBORHOOD_ORGS NO_TEST "NAME "NAME" true true false 40 Text 0 0 ,First,#,C:\Documents and Settings\LocketA\My Documents\GIS\Pending NAs\PendingNAs.gdb\TheParksatWillowRidgeHOA,Name,-1,-1;TYPE "TYPE" true true false 3 Text 0 0 ,First,#;MAP_ORDER "MAP_ORDER" true true false 8 Double 0 13 ,First,#;X_CENTROID "X_CENTROID" true true false 8 Double 0 0 ,First,#;Y_CENTROID "Y_CENTROID" true true false 8 Double 0 0 ,First,#;Shape.area "Shape.area" false false true 0 Double 0 0 ,First,#;Shape.len "Shape.len" false false true 0 Double 0 0 ,First,#" #</Process><Process ToolSource="C:\Program Files\ArcGIS\Desktop10.0\ArcToolbox\Toolboxes\Data Management Tools.tbx\Append" Date="20131203" Time="091809" Name="" export="">Append Pending_NAs CFWGIS.SDE.ADM_NEIGHBORHOOD_ORGS NO_TEST "NAME "NAME" true true false 40 Text 0 0 ,First,#,C:\Documents and Settings\LocketA\My Documents\GIS\Pending NAs\PendingNAs.gdb\Pending_NAs,Name,-1,-1;TYPE "TYPE" true true false 3 Text 0 0 ,First,#;MAP_ORDER "MAP_ORDER" true true false 8 Double 0 13 ,First,#;X_CENTROID "X_CENTROID" true true false 8 Double 0 0 ,First,#;Y_CENTROID "Y_CENTROID" true true false 8 Double 0 0 ,First,#;Shape.area "Shape.area" false false true 0 Double 0 0 ,First,#;Shape.len "Shape.len" false false true 0 Double 0 0 ,First,#" #</Process><Process ToolSource="c:\program files\arcgis\desktop10.0\ArcToolbox\Toolboxes\Data Management Tools.tbx\Append" Date="20131203" Time="092352" Name="" export="">Append Pending_NAs CFWGIS.SDE.ADM_NEIGHBORHOOD_ORGS NO_TEST "NAME "NAME" true true false 40 Text 0 0 ,First,#,C:\Documents and Settings\LocketA\My Documents\GIS\Pending NAs\PendingNAs.gdb\Pending_NAs,Name,-1,-1;TYPE "TYPE" true true false 3 Text 0 0 ,First,#;MAP_ORDER "MAP_ORDER" true true false 8 Double 0 13 ,First,#;X_CENTROID "X_CENTROID" true true false 8 Double 0 0 ,First,#;Y_CENTROID "Y_CENTROID" true true false 8 Double 0 0 ,First,#;Shape.area "Shape.area" false false true 0 Double 0 0 ,First,#;Shape.len "Shape.len" false false true 0 Double 0 0 ,First,#" #</Process><Process ToolSource="c:\program files\arcgis\desktop10.0\ArcToolbox\Toolboxes\Data Management Tools.tbx\Append" Date="20131203" Time="092446" Name="" export="">Append Pending_NAs CFWGIS.SDE.ADM_NEIGHBORHOOD_ORGS NO_TEST "NAME "NAME" true true false 40 Text 0 0 ,First,#,C:\Documents and Settings\LocketA\My Documents\GIS\Pending NAs\PendingNAs.gdb\Pending_NAs,Name,-1,-1;TYPE "TYPE" true true false 3 Text 0 0 ,First,#;MAP_ORDER "MAP_ORDER" true true false 8 Double 0 13 ,First,#;X_CENTROID "X_CENTROID" true true false 8 Double 0 0 ,First,#;Y_CENTROID "Y_CENTROID" true true false 8 Double 0 0 ,First,#;Shape.area "Shape.area" false false true 0 Double 0 0 ,First,#;Shape.len "Shape.len" false false true 0 Double 0 0 ,First,#" #</Process><Process ToolSource="c:\program files (x86)\arcgis\desktop10.1\ArcToolbox\Toolboxes\Data Management Tools.tbx\CalculateField" Date="20131223" Time="173644" Name="" export="">CalculateField CFWGIS.SDE.ADM_NEIGHBORHOOD_ORGS ID_FIELD [OBJECTID] VB #</Process><Process ToolSource="c:\program files (x86)\arcgis\desktop10.1\ArcToolbox\Toolboxes\Data Management Tools.tbx\CalculateField" Date="20131223" Time="173654" Name="" export="">CalculateField CFWGIS.SDE.ADM_NEIGHBORHOOD_ORGS ID_FIELD ""O" + [ID_FIELD]" VB #</Process><Process ToolSource="c:\program files (x86)\arcgis\desktop10.1\ArcToolbox\Toolboxes\Data Management Tools.tbx\Append" Date="20141003" Time="111046" Name="" export="">Append NAMAP_04_25_14 CFWGIS.DBO.ADM_NEIGHBORHOOD_ORGS NO_TEST "NAME "NAME" true true false 40 Text 0 0 ,First,#,Y:\NED\GIS\Master NA Map\April 2014\NAMAP_APRIL2014.gdb\NAMAP_04_25_14,NAME,-1,-1;TYPE "TYPE" true true false 3 Text 0 0 ,First,#,Y:\NED\GIS\Master NA Map\April 2014\NAMAP_APRIL2014.gdb\NAMAP_04_25_14,TYPE,-1,-1;MAP_ORDER "MAP_ORDER" true true false 8 Double 0 13 ,First,#,Y:\NED\GIS\Master NA Map\April 2014\NAMAP_APRIL2014.gdb\NAMAP_04_25_14,MAP_ORDER,-1,-1;X_CENTROID "X_CENTROID" true true false 8 Double 8 38 ,First,#,Y:\NED\GIS\Master NA Map\April 2014\NAMAP_APRIL2014.gdb\NAMAP_04_25_14,X_CENTROID,-1,-1;Y_CENTROID "Y_CENTROID" true true false 8 Double 8 38 ,First,#,Y:\NED\GIS\Master NA Map\April 2014\NAMAP_APRIL2014.gdb\NAMAP_04_25_14,Y_CENTROID,-1,-1;ID_FIELD "ID_FIELD" true true false 50 Text 0 0 ,First,#,Y:\NED\GIS\Master NA Map\April 2014\NAMAP_APRIL2014.gdb\NAMAP_04_25_14,ID_FIELD,-1,-1;Shape.STArea() "Shape.STArea()" false false true 0 Double 0 0 ,First,#;Shape.STLength() "Shape.STLength()" false false true 0 Double 0 0 ,First,#" #</Process><Process ToolSource="c:\program files (x86)\arcgis\desktop10.1\ArcToolbox\Toolboxes\Data Management Tools.tbx\Append" Date="20141003" Time="111413" Name="" export="">Append NAMAP_04_25_14_Clip CFWGIS.DBO.ADM_NEIGHBORHOOD_ORGS NO_TEST "NAME "NAME" true true false 40 Text 0 0 ,First,#,C:\Users\LocketA\Documents\ArcGIS\Default.gdb\NAMAP_04_25_14_Clip,NAME,-1,-1;TYPE "TYPE" true true false 3 Text 0 0 ,First,#,C:\Users\LocketA\Documents\ArcGIS\Default.gdb\NAMAP_04_25_14_Clip,TYPE,-1,-1;MAP_ORDER "MAP_ORDER" true true false 8 Double 0 13 ,First,#,C:\Users\LocketA\Documents\ArcGIS\Default.gdb\NAMAP_04_25_14_Clip,MAP_ORDER,-1,-1;X_CENTROID "X_CENTROID" true true false 8 Double 8 38 ,First,#,C:\Users\LocketA\Documents\ArcGIS\Default.gdb\NAMAP_04_25_14_Clip,X_CENTROID,-1,-1;Y_CENTROID "Y_CENTROID" true true false 8 Double 8 38 ,First,#,C:\Users\LocketA\Documents\ArcGIS\Default.gdb\NAMAP_04_25_14_Clip,Y_CENTROID,-1,-1;ID_FIELD "ID_FIELD" true true false 50 Text 0 0 ,First,#,C:\Users\LocketA\Documents\ArcGIS\Default.gdb\NAMAP_04_25_14_Clip,ID_FIELD,-1,-1;Shape.STArea() "Shape.STArea()" false false true 0 Double 0 0 ,First,#;Shape.STLength() "Shape.STLength()" false false true 0 Double 0 0 ,First,#" #</Process><Process ToolSource="c:\program files (x86)\arcgis\desktop10.1\ArcToolbox\Toolboxes\Data Management Tools.tbx\Append" Date="20141010" Time="142037" Name="" export="">Append DBO_Merge CFWGIS.DBO.ADM_NEIGHBORHOOD_ORGS NO_TEST "NAME "NAME" true true false 40 Text 0 0 ,First,#,C:\Users\LocketA\Documents\ArcGIS\Default.gdb\DBO_Merge,NAME,-1,-1;TYPE "TYPE" true true false 3 Text 0 0 ,First,#,C:\Users\LocketA\Documents\ArcGIS\Default.gdb\DBO_Merge,TYPE,-1,-1;MAP_ORDER "MAP_ORDER" true true false 8 Double 0 13 ,First,#,C:\Users\LocketA\Documents\ArcGIS\Default.gdb\DBO_Merge,MAP_ORDER,-1,-1;X_CENTROID "X_CENTROID" true true false 8 Double 8 38 ,First,#,C:\Users\LocketA\Documents\ArcGIS\Default.gdb\DBO_Merge,X_CENTROID,-1,-1;Y_CENTROID "Y_CENTROID" true true false 8 Double 8 38 ,First,#,C:\Users\LocketA\Documents\ArcGIS\Default.gdb\DBO_Merge,Y_CENTROID,-1,-1;ID_FIELD "ID_FIELD" true true false 50 Text 0 0 ,First,#,C:\Users\LocketA\Documents\ArcGIS\Default.gdb\DBO_Merge,ID_FIELD,-1,-1;Shape.STArea() "Shape.STArea()" false false true 0 Double 0 0 ,First,#;Shape.STLength() "Shape.STLength()" false false true 0 Double 0 0 ,First,#" #</Process><Process ToolSource="c:\program files (x86)\arcgis\desktop10.1\ArcToolbox\Toolboxes\Data Management Tools.tbx\Append" Date="20141010" Time="142138" Name="" export="">Append DBO_Merge CFWGIS.DBO.ADM_NEIGHBORHOOD_ORGS NO_TEST "NAME "NAME" true true false 40 Text 0 0 ,First,#,C:\Users\LocketA\Documents\ArcGIS\Default.gdb\DBO_Merge,NAME,-1,-1;TYPE "TYPE" true true false 3 Text 0 0 ,First,#,C:\Users\LocketA\Documents\ArcGIS\Default.gdb\DBO_Merge,TYPE,-1,-1;MAP_ORDER "MAP_ORDER" true true false 8 Double 0 13 ,First,#,C:\Users\LocketA\Documents\ArcGIS\Default.gdb\DBO_Merge,MAP_ORDER,-1,-1;X_CENTROID "X_CENTROID" true true false 8 Double 8 38 ,First,#,C:\Users\LocketA\Documents\ArcGIS\Default.gdb\DBO_Merge,X_CENTROID,-1,-1;Y_CENTROID "Y_CENTROID" true true false 8 Double 8 38 ,First,#,C:\Users\LocketA\Documents\ArcGIS\Default.gdb\DBO_Merge,Y_CENTROID,-1,-1;ID_FIELD "ID_FIELD" true true false 50 Text 0 0 ,First,#,C:\Users\LocketA\Documents\ArcGIS\Default.gdb\DBO_Merge,ID_FIELD,-1,-1;Shape.STArea() "Shape.STArea()" false false true 0 Double 0 0 ,First,#;Shape.STLength() "Shape.STLength()" false false true 0 Double 0 0 ,First,#" #</Process><Process ToolSource="c:\program files (x86)\arcgis\desktop10.1\ArcToolbox\Toolboxes\Data Management Tools.tbx\Append" Date="20141010" Time="142455" Name="" export="">Append DBO_Merge_Dissolve CFWGIS.DBO.ADM_NEIGHBORHOOD_ORGS NO_TEST "NAME "NAME" true true false 40 Text 0 0 ,First,#;TYPE "TYPE" true true false 3 Text 0 0 ,First,#;MAP_ORDER "MAP_ORDER" true true false 8 Double 0 13 ,First,#;X_CENTROID "X_CENTROID" true true false 8 Double 8 38 ,First,#;Y_CENTROID "Y_CENTROID" true true false 8 Double 8 38 ,First,#;ID_FIELD "ID_FIELD" true true false 50 Text 0 0 ,First,#;Shape.STArea() "Shape.STArea()" false false true 0 Double 0 0 ,First,#;Shape.STLength() "Shape.STLength()" false false true 0 Double 0 0 ,First,#" #</Process><Process ToolSource="c:\program files (x86)\arcgis\desktop10.1\ArcToolbox\Toolboxes\Data Management Tools.tbx\Append" Date="20141031" Time="105037" Name="" export="">Append NAMAP_HollowHillsNA CFWGIS.DBO.ADM_NEIGHBORHOOD_ORGS NO_TEST "NAME "NAME" true true false 40 Text 0 0 ,First,#,C:\Users\LocketA\Documents\ArcGIS\Default.gdb\NAMAP_04_25_14_Select,NAME,-1,-1;TYPE "TYPE" true true false 3 Text 0 0 ,First,#,C:\Users\LocketA\Documents\ArcGIS\Default.gdb\NAMAP_04_25_14_Select,TYPE,-1,-1;MAP_ORDER "MAP_ORDER" true true false 8 Double 0 13 ,First,#,C:\Users\LocketA\Documents\ArcGIS\Default.gdb\NAMAP_04_25_14_Select,MAP_ORDER,-1,-1;X_CENTROID "X_CENTROID" true true false 8 Double 8 38 ,First,#,C:\Users\LocketA\Documents\ArcGIS\Default.gdb\NAMAP_04_25_14_Select,X_CENTROID,-1,-1;Y_CENTROID "Y_CENTROID" true true false 8 Double 8 38 ,First,#,C:\Users\LocketA\Documents\ArcGIS\Default.gdb\NAMAP_04_25_14_Select,Y_CENTROID,-1,-1;ID_FIELD "ID_FIELD" true true false 50 Text 0 0 ,First,#,C:\Users\LocketA\Documents\ArcGIS\Default.gdb\NAMAP_04_25_14_Select,ID_FIELD,-1,-1;Shape.STArea() "Shape.STArea()" false false true 0 Double 0 0 ,First,#;Shape.STLength() "Shape.STLength()" false false true 0 Double 0 0 ,First,#" #</Process><Process ToolSource="c:\program files (x86)\arcgis\desktop10.1\ArcToolbox\Toolboxes\Data Management Tools.tbx\Append" Date="20141031" Time="105343" Name="" export="">Append NAMAP_04_25_14 CFWGIS.DBO.ADM_NEIGHBORHOOD_ORGS NO_TEST "NAME "NAME" true true false 40 Text 0 0 ,First,#,Y:\NED\GIS\Master NA Map\April 2014\NAMAP_APRIL2014.gdb\NAMAP_04_25_14,NAME,-1,-1;TYPE "TYPE" true true false 3 Text 0 0 ,First,#,Y:\NED\GIS\Master NA Map\April 2014\NAMAP_APRIL2014.gdb\NAMAP_04_25_14,TYPE,-1,-1;MAP_ORDER "MAP_ORDER" true true false 8 Double 0 13 ,First,#,Y:\NED\GIS\Master NA Map\April 2014\NAMAP_APRIL2014.gdb\NAMAP_04_25_14,MAP_ORDER,-1,-1;X_CENTROID "X_CENTROID" true true false 8 Double 8 38 ,First,#,Y:\NED\GIS\Master NA Map\April 2014\NAMAP_APRIL2014.gdb\NAMAP_04_25_14,X_CENTROID,-1,-1;Y_CENTROID "Y_CENTROID" true true false 8 Double 8 38 ,First,#,Y:\NED\GIS\Master NA Map\April 2014\NAMAP_APRIL2014.gdb\NAMAP_04_25_14,Y_CENTROID,-1,-1;ID_FIELD "ID_FIELD" true true false 50 Text 0 0 ,First,#,Y:\NED\GIS\Master NA Map\April 2014\NAMAP_APRIL2014.gdb\NAMAP_04_25_14,ID_FIELD,-1,-1;Shape.STArea() "Shape.STArea()" false false true 0 Double 0 0 ,First,#;Shape.STLength() "Shape.STLength()" false false true 0 Double 0 0 ,First,#" #</Process><Process ToolSource="c:\program files (x86)\arcgis\desktop10.1\ArcToolbox\Toolboxes\Data Management Tools.tbx\Append" Date="20141031" Time="105447" Name="" export="">Append NAMAP_HollowHillsNA CFWGIS.DBO.ADM_NEIGHBORHOOD_ORGS NO_TEST "NAME "NAME" true true false 40 Text 0 0 ,First,#,C:\Users\LocketA\Documents\ArcGIS\Default.gdb\NAMAP_04_25_14_Select,NAME,-1,-1;TYPE "TYPE" true true false 3 Text 0 0 ,First,#,C:\Users\LocketA\Documents\ArcGIS\Default.gdb\NAMAP_04_25_14_Select,TYPE,-1,-1;MAP_ORDER "MAP_ORDER" true true false 8 Double 0 13 ,First,#,C:\Users\LocketA\Documents\ArcGIS\Default.gdb\NAMAP_04_25_14_Select,MAP_ORDER,-1,-1;X_CENTROID "X_CENTROID" true true false 8 Double 8 38 ,First,#,C:\Users\LocketA\Documents\ArcGIS\Default.gdb\NAMAP_04_25_14_Select,X_CENTROID,-1,-1;Y_CENTROID "Y_CENTROID" true true false 8 Double 8 38 ,First,#,C:\Users\LocketA\Documents\ArcGIS\Default.gdb\NAMAP_04_25_14_Select,Y_CENTROID,-1,-1;ID_FIELD "ID_FIELD" true true false 50 Text 0 0 ,First,#,C:\Users\LocketA\Documents\ArcGIS\Default.gdb\NAMAP_04_25_14_Select,ID_FIELD,-1,-1;Shape.STArea() "Shape.STArea()" false false true 0 Double 0 0 ,First,#;Shape.STLength() "Shape.STLength()" false false true 0 Double 0 0 ,First,#" #</Process><Process ToolSource="c:\program files (x86)\arcgis\desktop10.1\ArcToolbox\Toolboxes\Data Management Tools.tbx\Append" Date="20150212" Time="102627" Name="" export="">Append Master_NA_Map_asof_020415 CFWGIS.DBO.ADM_NEIGHBORHOOD_ORGS NO_TEST "NAME "NAME" true true false 40 Text 0 0 ,First,#,Y:\NED\GIS\Master NA Map\February 2015\Master_NA_Map_asof_020415.shp,NAME,-1,-1;TYPE "TYPE" true true false 3 Text 0 0 ,First,#,Y:\NED\GIS\Master NA Map\February 2015\Master_NA_Map_asof_020415.shp,TYPE,-1,-1;MAP_ORDER "MAP_ORDER" true true false 8 Double 0 13 ,First,#,Y:\NED\GIS\Master NA Map\February 2015\Master_NA_Map_asof_020415.shp,MAP_ORDER,-1,-1;X_CENTROID "X_CENTROID" true true false 8 Double 8 38 ,First,#,Y:\NED\GIS\Master NA Map\February 2015\Master_NA_Map_asof_020415.shp,X_CENTROID,-1,-1;Y_CENTROID "Y_CENTROID" true true false 8 Double 8 38 ,First,#,Y:\NED\GIS\Master NA Map\February 2015\Master_NA_Map_asof_020415.shp,Y_CENTROID,-1,-1;ID_FIELD "ID_FIELD" true true false 50 Text 0 0 ,First,#,Y:\NED\GIS\Master NA Map\February 2015\Master_NA_Map_asof_020415.shp,ID_FIELD,-1,-1;Shape.STArea() "Shape.STArea()" false false true 0 Double 0 0 ,First,#;Shape.STLength() "Shape.STLength()" false false true 0 Double 0 0 ,First,#" #</Process><Process ToolSource="c:\program files (x86)\arcgis\desktop10.1\ArcToolbox\Toolboxes\Data Management Tools.tbx\Append" Date="20150212" Time="102918" Name="" export="">Append Master_NA_Map_asof_020415 CFWGIS.DBO.ADM_NEIGHBORHOOD_ORGS NO_TEST "NAME "NAME" true true false 40 Text 0 0 ,First,#,Y:\NED\GIS\Master NA Map\February 2015\Master_NA_Map_asof_020415.shp,NAME,-1,-1;TYPE "TYPE" true true false 3 Text 0 0 ,First,#,Y:\NED\GIS\Master NA Map\February 2015\Master_NA_Map_asof_020415.shp,TYPE,-1,-1;MAP_ORDER "MAP_ORDER" true true false 8 Double 0 13 ,First,#,Y:\NED\GIS\Master NA Map\February 2015\Master_NA_Map_asof_020415.shp,MAP_ORDER,-1,-1;X_CENTROID "X_CENTROID" true true false 8 Double 8 38 ,First,#,Y:\NED\GIS\Master NA Map\February 2015\Master_NA_Map_asof_020415.shp,X_CENTROID,-1,-1;Y_CENTROID "Y_CENTROID" true true false 8 Double 8 38 ,First,#,Y:\NED\GIS\Master NA Map\February 2015\Master_NA_Map_asof_020415.shp,Y_CENTROID,-1,-1;ID_FIELD "ID_FIELD" true true false 50 Text 0 0 ,First,#,Y:\NED\GIS\Master NA Map\February 2015\Master_NA_Map_asof_020415.shp,ID_FIELD,-1,-1;Shape.STArea() "Shape.STArea()" false false true 0 Double 0 0 ,First,#;Shape.STLength() "Shape.STLength()" false false true 0 Double 0 0 ,First,#" #</Process><Process ToolSource="c:\program files (x86)\arcgis\desktop10.1\ArcToolbox\Toolboxes\Data Management Tools.tbx\Append" Date="20150212" Time="103420" Name="" export="">Append Master_NA_Map_asof_020415 CFWGIS.DBO.ADM_NEIGHBORHOOD_ORGS NO_TEST "NAME "NAME" true true false 40 Text 0 0 ,First,#,Y:\NED\GIS\Master NA Map\February 2015\Master_NA_Map_asof_020415.shp,NAME,-1,-1;TYPE "TYPE" true true false 3 Text 0 0 ,First,#,Y:\NED\GIS\Master NA Map\February 2015\Master_NA_Map_asof_020415.shp,TYPE,-1,-1;MAP_ORDER "MAP_ORDER" true true false 8 Double 0 13 ,First,#,Y:\NED\GIS\Master NA Map\February 2015\Master_NA_Map_asof_020415.shp,MAP_ORDER,-1,-1;X_CENTROID "X_CENTROID" true true false 8 Double 8 38 ,First,#,Y:\NED\GIS\Master NA Map\February 2015\Master_NA_Map_asof_020415.shp,X_CENTROID,-1,-1;Y_CENTROID "Y_CENTROID" true true false 8 Double 8 38 ,First,#,Y:\NED\GIS\Master NA Map\February 2015\Master_NA_Map_asof_020415.shp,Y_CENTROID,-1,-1;ID_FIELD "ID_FIELD" true true false 50 Text 0 0 ,First,#,Y:\NED\GIS\Master NA Map\February 2015\Master_NA_Map_asof_020415.shp,ID_FIELD,-1,-1;Shape.STArea() "Shape.STArea()" false false true 0 Double 0 0 ,First,#;Shape.STLength() "Shape.STLength()" false false true 0 Double 0 0 ,First,#" #</Process><Process ToolSource="c:\program files (x86)\arcgis\desktop10.1\ArcToolbox\Toolboxes\Data Management Tools.tbx\Append" Date="20150212" Time="103521" Name="" export="">Append Master_NA_Map_asof_020415 CFWGIS.DBO.ADM_NEIGHBORHOOD_ORGS NO_TEST "NAME "NAME" true true false 40 Text 0 0 ,First,#,Y:\NED\GIS\Master NA Map\February 2015\Master_NA_Map_asof_020415.shp,NAME,-1,-1;TYPE "TYPE" true true false 3 Text 0 0 ,First,#,Y:\NED\GIS\Master NA Map\February 2015\Master_NA_Map_asof_020415.shp,TYPE,-1,-1;MAP_ORDER "MAP_ORDER" true true false 8 Double 0 13 ,First,#,Y:\NED\GIS\Master NA Map\February 2015\Master_NA_Map_asof_020415.shp,MAP_ORDER,-1,-1;X_CENTROID "X_CENTROID" true true false 8 Double 8 38 ,First,#,Y:\NED\GIS\Master NA Map\February 2015\Master_NA_Map_asof_020415.shp,X_CENTROID,-1,-1;Y_CENTROID "Y_CENTROID" true true false 8 Double 8 38 ,First,#,Y:\NED\GIS\Master NA Map\February 2015\Master_NA_Map_asof_020415.shp,Y_CENTROID,-1,-1;ID_FIELD "ID_FIELD" true true false 50 Text 0 0 ,First,#,Y:\NED\GIS\Master NA Map\February 2015\Master_NA_Map_asof_020415.shp,ID_FIELD,-1,-1;Shape.STArea() "Shape.STArea()" false false true 0 Double 0 0 ,First,#;Shape.STLength() "Shape.STLength()" false false true 0 Double 0 0 ,First,#" #</Process><Process ToolSource="c:\program files (x86)\arcgis\desktop10.1\ArcToolbox\Toolboxes\Data Management Tools.tbx\ChangePrivileges" Date="20150429" Time="085130" Name="" export="">ChangePrivileges 'Database Connections\CFWGIS_PROD_OSA.sde\CFWGIS.DBO.ADM_NEIGHBORHOOD_ALLIANCES';'Database Connections\CFWGIS_PROD_OSA.sde\CFWGIS.DBO.ADM_NEIGHBORHOOD_ORGS';'Database Connections\CFWGIS_PROD_OSA.sde\CFWGIS.DBO.ADM_NEIGHBORHOOD_REDEV_ORGS' whites GRANT GRANT</Process><Process ToolSource="c:\program files (x86)\arcgis\desktop10.1\ArcToolbox\Toolboxes\Data Management Tools.tbx\CalculateField" Date="20160111" Time="101250" Name="" export="">CalculateField CFWGIS.DBO.ADM_NEIGHBORHOOD_ORGS Status "Active" VB #</Process><Process ToolSource="c:\program files (x86)\arcgis\desktop10.1\ArcToolbox\Toolboxes\Data Management Tools.tbx\Analyze" Date="20160516" Time="120337" Name="" export="">Analyze "Database Connections\CFWGIS_PROD_OSA.sde\CFWGIS.DBO.ADM_NEIGHBORHOOD_ORGS" BUSINESS;ADDS;DELETES</Process><Process ToolSource="c:\program files (x86)\arcgis\desktop10.1\ArcToolbox\Toolboxes\Data Management Tools.tbx\RemoveSpatialIndex" Date="20161009" Time="010524" Name="" export="">RemoveSpatialIndex "Database Connections/CFWGIS_PROD_OSA.sde\CFWGIS.DBO.ADM_NEIGHBORHOOD_ORGS"</Process><Process ToolSource="c:\program files (x86)\arcgis\desktop10.1\ArcToolbox\Toolboxes\Data Management Tools.tbx\AddSpatialIndex" Date="20161009" Time="010526" Name="" export="">AddSpatialIndex "Database Connections/CFWGIS_PROD_OSA.sde\CFWGIS.DBO.ADM_NEIGHBORHOOD_ORGS" -6 0 0</Process><Process ToolSource="c:\program files\arcgis\pro\Resources\ArcToolbox\toolboxes\Data Management Tools.tbx\CalculateGeometryAttributes" Date="20230828" Time="105833" Name="" export="">CalculateGeometryAttributes CFWGIS.DBO.ADM_NEIGHBORHOOD_ORGS__1 "X_CENTROID CENTROID_X;Y_CENTROID CENTROID_Y" # # PROJCS["NAD_1983_StatePlane_Texas_North_Central_FIPS_4202_Feet",GEOGCS["GCS_North_American_1983",DATUM["D_North_American_1983",SPHEROID["GRS_1980",6378137.0,298.257222101]],PRIMEM["Greenwich",0.0],UNIT["Degree",0.0174532925199433]],PROJECTION["Lambert_Conformal_Conic"],PARAMETER["False_Easting",1968500.0],PARAMETER["False_Northing",6561666.666666666],PARAMETER["Central_Meridian",-98.5],PARAMETER["Standard_Parallel_1",32.13333333333333],PARAMETER["Standard_Parallel_2",33.96666666666667],PARAMETER["Latitude_Of_Origin",31.66666666666667],UNIT["Foot_US",0.3048006096012192]] "Same as input"</Process><Process ToolSource="c:\program files\arcgis\pro\Resources\ArcToolbox\toolboxes\Data Management Tools.tbx\CalculateGeometryAttributes" Date="20230927" Time="085722" Name="" export="">CalculateGeometryAttributes CFWGIS.DBO.ADM_NEIGHBORHOOD_ORGS-PROD "X_CENTROID CENTROID_X;Y_CENTROID CENTROID_Y" # # PROJCS["NAD_1983_StatePlane_Texas_North_Central_FIPS_4202_Feet",GEOGCS["GCS_North_American_1983",DATUM["D_North_American_1983",SPHEROID["GRS_1980",6378137.0,298.257222101]],PRIMEM["Greenwich",0.0],UNIT["Degree",0.0174532925199433]],PROJECTION["Lambert_Conformal_Conic"],PARAMETER["False_Easting",1968500.0],PARAMETER["False_Northing",6561666.666666666],PARAMETER["Central_Meridian",-98.5],PARAMETER["Standard_Parallel_1",32.13333333333333],PARAMETER["Standard_Parallel_2",33.96666666666667],PARAMETER["Latitude_Of_Origin",31.66666666666667],UNIT["Foot_US",0.3048006096012192]] "Same as input"</Process><Process ToolSource="X:\GIS\GISAdmins\Data\FME\MetadataUpdater/RunMe_4.fmw" Date="20240112" Time="124900" Name="" export=""> Mass metadata update  X:\GIS\GISAdmins\SDE_Connection_Files\CFWGIS_TEST_OSA.sde\DBO.ADM_NEIGHBORHOOD_ORGS</Process><Process ToolSource="c:\program files\arcgis\pro\Resources\ArcToolbox\toolboxes\Data Management Tools.tbx\CalculateGeometryAttributes" Date="20240119" Time="141355" Name="" export="">CalculateGeometryAttributes CFWGIS.DBO.ADM_NEIGHBORHOOD_ORGS__1 "X_CENTROID CENTROID_X;Y_CENTROID CENTROID_Y" # # PROJCS["NAD_1983_StatePlane_Texas_North_Central_FIPS_4202_Feet",GEOGCS["GCS_North_American_1983",DATUM["D_North_American_1983",SPHEROID["GRS_1980",6378137.0,298.257222101]],PRIMEM["Greenwich",0.0],UNIT["Degree",0.0174532925199433]],PROJECTION["Lambert_Conformal_Conic"],PARAMETER["False_Easting",1968500.0],PARAMETER["False_Northing",6561666.666666666],PARAMETER["Central_Meridian",-98.5],PARAMETER["Standard_Parallel_1",32.13333333333333],PARAMETER["Standard_Parallel_2",33.96666666666667],PARAMETER["Latitude_Of_Origin",31.66666666666667],UNIT["Foot_US",0.3048006096012192]] "Same as input"</Process><Process ToolSource="c:\program files\arcgis\pro\Resources\ArcToolbox\toolboxes\Data Management Tools.tbx\CalculateGeometryAttributes" Date="20240313" Time="115104" Name="" export="">CalculateGeometryAttributes CFWGIS.DBO.ADM_NEIGHBORHOOD_ORGS__1 "X_CENTROID CENTROID_X;Y_CENTROID CENTROID_Y" # # PROJCS["NAD_1983_StatePlane_Texas_North_Central_FIPS_4202_Feet",GEOGCS["GCS_North_American_1983",DATUM["D_North_American_1983",SPHEROID["GRS_1980",6378137.0,298.257222101]],PRIMEM["Greenwich",0.0],UNIT["Degree",0.0174532925199433]],PROJECTION["Lambert_Conformal_Conic"],PARAMETER["False_Easting",1968500.0],PARAMETER["False_Northing",6561666.666666666],PARAMETER["Central_Meridian",-98.5],PARAMETER["Standard_Parallel_1",32.13333333333333],PARAMETER["Standard_Parallel_2",33.96666666666667],PARAMETER["Latitude_Of_Origin",31.66666666666667],UNIT["Foot_US",0.3048006096012192]] "Same as input"</Process><Process ToolSource="c:\program files\arcgis\pro\Resources\ArcToolbox\toolboxes\Data Management Tools.tbx\Append" Date="20240412" Time="132510" Name="" export="">Append CFWGIS.DBO.ADM_NEIGHBORHOOD_ORGS_test CFWGIS.DBO.ADM_NEIGHBORHOOD_ORGS_prod "Input fields must match target fields" # # # # NOT_UPDATE_GEOMETRY</Process><Process ToolSource="c:\program files\arcgis\pro\Resources\ArcToolbox\toolboxes\Data Management Tools.tbx\Append" Date="20240412" Time="133802" Name="" export="">Append CFWGIS.DBO.ADM_NEIGHBORHOOD_ORGS__1 CFWGIS.DBO.ADM_NEIGHBORHOOD_ORGS_prod "Input fields must match target fields" # # # # NOT_UPDATE_GEOMETRY</Process><Process ToolSource="c:\program files\arcgis\pro\Resources\ArcToolbox\toolboxes\Data Management Tools.tbx\Append" Date="20240412" Time="133901" Name="" export="">Append CFWGIS.DBO.ADM_NEIGHBORHOOD_ORGS__1 CFWGIS.DBO.ADM_NEIGHBORHOOD_ORGS_prod "Input fields must match target fields" # # # # NOT_UPDATE_GEOMETRY</Process><Process ToolSource="c:\program files (x86)\arcgis\desktop10.8\ArcToolbox\Toolboxes\Data Management Tools.tbx\CopyFeatures" Date="20260128" Time="201201">CopyFeatures "Database Connections\CFWGIS_PROD_OSA.sde\CFWGIS.DBO.ADM_NEIGHBORHOOD_ORGS" \\gsweb01\giszipfiles\shapefiles\ADM_NEIGHBORHOOD_ORGS.shp # 0 0 0</Process></lineage><itemProps><itemName Sync="TRUE">ADM_NEIGHBORHOOD_ORGS</itemName><itemLocation><linkage Sync="TRUE">file://\\gsweb01\giszipfiles\shapefiles\ADM_NEIGHBORHOOD_ORGS.shp</linkage><protocol Sync="TRUE">Local Area Network</protocol></itemLocation><nativeExtBox><westBL Sync="TRUE">2230778.400031</westBL><eastBL Sync="TRUE">2403924.499905</eastBL><southBL Sync="TRUE">6895739.499870</southBL><northBL Sync="TRUE">7066654.679997</northBL><exTypeCode Sync="TRUE">1</exTypeCode></nativeExtBox><imsContentType Sync="TRUE" export="False">002</imsContentType><itemSize Sync="TRUE">0.000</itemSize></itemProps><coordRef><type Sync="TRUE">Projected</type><geogcsn Sync="TRUE">GCS_North_American_1983</geogcsn><csUnits Sync="TRUE">Linear Unit: Foot_US (0.304801)</csUnits><projcsn Sync="TRUE">NAD_1983_StatePlane_Texas_North_Central_FIPS_4202_Feet</projcsn><peXml Sync="TRUE">&lt;ProjectedCoordinateSystem xsi:type='typens:ProjectedCoordinateSystem' xmlns:xsi='http://www.w3.org/2001/XMLSchema-instance' xmlns:xs='http://www.w3.org/2001/XMLSchema' xmlns:typens='http://www.esri.com/schemas/ArcGIS/10.8'&gt;&lt;WKT&gt;PROJCS[&amp;quot;NAD_1983_StatePlane_Texas_North_Central_FIPS_4202_Feet&amp;quot;,GEOGCS[&amp;quot;GCS_North_American_1983&amp;quot;,DATUM[&amp;quot;D_North_American_1983&amp;quot;,SPHEROID[&amp;quot;GRS_1980&amp;quot;,6378137.0,298.257222101]],PRIMEM[&amp;quot;Greenwich&amp;quot;,0.0],UNIT[&amp;quot;Degree&amp;quot;,0.0174532925199433]],PROJECTION[&amp;quot;Lambert_Conformal_Conic&amp;quot;],PARAMETER[&amp;quot;False_Easting&amp;quot;,1968500.0],PARAMETER[&amp;quot;False_Northing&amp;quot;,6561666.666666666],PARAMETER[&amp;quot;Central_Meridian&amp;quot;,-98.5],PARAMETER[&amp;quot;Standard_Parallel_1&amp;quot;,32.13333333333333],PARAMETER[&amp;quot;Standard_Parallel_2&amp;quot;,33.96666666666667],PARAMETER[&amp;quot;Latitude_Of_Origin&amp;quot;,31.66666666666667],UNIT[&amp;quot;Foot_US&amp;quot;,0.3048006096012192],AUTHORITY[&amp;quot;EPSG&amp;quot;,2276]]&lt;/WKT&gt;&lt;XOrigin&gt;-123407700&lt;/XOrigin&gt;&lt;YOrigin&gt;-86123500&lt;/YOrigin&gt;&lt;XYScale&gt;35920690.11000888&lt;/XYScale&gt;&lt;ZOrigin&gt;-100000&lt;/ZOrigin&gt;&lt;ZScale&gt;10000&lt;/ZScale&gt;&lt;MOrigin&gt;-100000&lt;/MOrigin&gt;&lt;MScale&gt;10000&lt;/MScale&gt;&lt;XYTolerance&gt;0.0032808333333333331&lt;/XYTolerance&gt;&lt;ZTolerance&gt;0.001&lt;/ZTolerance&gt;&lt;MTolerance&gt;0.001&lt;/MTolerance&gt;&lt;HighPrecision&gt;true&lt;/HighPrecision&gt;&lt;WKID&gt;102738&lt;/WKID&gt;&lt;LatestWKID&gt;2276&lt;/LatestWKID&gt;&lt;/ProjectedCoordinateSystem&gt;</peXml></coordRef></DataProperties><SyncDate>20260128</SyncDate><SyncTime>20120100</SyncTime><ModDate>20260128</ModDate><ModTime>20120100</ModTime><ArcGISstyle>ISO 19139 Metadata Implementation Specification</ArcGISstyle><ArcGISProfile>ISO19139</ArcGISProfile><scaleRange><minScale>500000</minScale><maxScale>5000</maxScale></scaleRange></Esri><eainfo><detailed Name="ADM_NEIGHBORHOOD_ORGS"><enttyp><enttypl Sync="TRUE">ADM_NEIGHBORHOOD_ORGS</enttypl><enttypt Sync="TRUE">Feature Class</enttypt><enttypc Sync="TRUE">0</enttypc></enttyp><attr><attrlabl Sync="TRUE">FID</attrlabl><attalias Sync="TRUE">FID</attalias><attrtype Sync="TRUE">OID</attrtype><attwidth Sync="TRUE">4</attwidth><atprecis Sync="TRUE">0</atprecis><attscale Sync="TRUE">0</attscale><attrdef Sync="TRUE">Internal feature number.</attrdef><attrdefs Sync="TRUE">Esri</attrdefs><attrdomv><udom Sync="TRUE">Sequential unique whole numbers that are automatically generated.</udom></attrdomv></attr><attr><attrlabl Sync="TRUE">NAME</attrlabl><attrdef>Name of Neighborhood Organization</attrdef><attrdefs>Individual Neighborhoods</attrdefs><attrdomv><udom>Unique name as provided by neighborhoods</udom></attrdomv><attalias Sync="TRUE">NAME</attalias><attrtype Sync="TRUE">String</attrtype><attwidth Sync="TRUE">40</attwidth><atprecis Sync="TRUE">0</atprecis><attscale Sync="TRUE">0</attscale></attr><attr><attrlabl Sync="TRUE">TYPE</attrlabl><attrdef>Type of Organization - Homeowners or Neighborhood</attrdef><attrdefs>Neighborhoods organizing documents; Articles of Incorporation</attrdefs><attrdomv><edom><edomv>RA;HA;NAC;NA</edomv><edomvd>RA-Resident Association;HA-Homeowners Association; NAC-Neighborhood Action Council; NA-Neighborhood Association</edomvd><edomvds>Neighborhood &amp; Youth Outreach Office</edomvds></edom></attrdomv><attalias Sync="TRUE">TYPE</attalias><attrtype Sync="TRUE">String</attrtype><attwidth Sync="TRUE">3</attwidth><atprecis Sync="TRUE">0</atprecis><attscale Sync="TRUE">0</attscale></attr><attr><attrlabl Sync="TRUE">MAP_ORDER</attrlabl><attrdef>The order of the Neighborhood Organizations bases on the descending value of the y coordinate</attrdef><attrdefs>CFW-Neighborhood &amp; Youth Outreach Office</attrdefs><attrdomv><udom>Unique position based on Y Coordinate</udom></attrdomv><attalias Sync="TRUE">MAP_ORDER</attalias><attrtype Sync="TRUE">Double</attrtype><attwidth Sync="TRUE">13</attwidth><atprecis Sync="TRUE">13</atprecis><attscale Sync="TRUE">0</attscale></attr><attr><attrlabl Sync="TRUE">X_CENTROID</attrlabl><attrdef>Coordinate Location</attrdef><attrdefs>ESRI</attrdefs><attrdomv><udom>Coordinate defining the features locations on an x-axis</udom></attrdomv><attalias Sync="TRUE">X_CENTROID</attalias><attrtype Sync="TRUE">Double</attrtype><attwidth Sync="TRUE">19</attwidth><atprecis Sync="TRUE">18</atprecis><attscale Sync="TRUE">8</attscale></attr><attr><attrlabl Sync="TRUE">Y_CENTROID</attrlabl><attrdef>Coordinate Location</attrdef><attrdefs>ESRI</attrdefs><attrdomv><udom>Coordinate defining the features location on an y-axis</udom></attrdomv><attalias Sync="TRUE">Y_CENTROID</attalias><attrtype Sync="TRUE">Double</attrtype><attwidth Sync="TRUE">19</attwidth><atprecis Sync="TRUE">18</atprecis><attscale Sync="TRUE">8</attscale></attr><attr><attrlabl Sync="TRUE">ID_FIELD</attrlabl><attalias Sync="TRUE">ID_FIELD</attalias><attrtype Sync="TRUE">String</attrtype><attwidth Sync="TRUE">50</attwidth><atprecis Sync="TRUE">0</atprecis><attscale Sync="TRUE">0</attscale></attr><attr><attrlabl Sync="TRUE">Shape</attrlabl><attrdef Sync="TRUE">Feature geometry.</attrdef><attrdefs Sync="TRUE">ESRI</attrdefs><attrdomv><udom Sync="TRUE">Coordinates defining the features.</udom></attrdomv><attalias Sync="TRUE">Shape</attalias><attrtype Sync="TRUE">Geometry</attrtype><attwidth Sync="TRUE">0</attwidth><atprecis Sync="TRUE">0</atprecis><attscale Sync="TRUE">0</attscale></attr><attr><attrlabl Sync="TRUE">USERID</attrlabl><attalias Sync="TRUE">USERID</attalias><attrtype Sync="TRUE">String</attrtype><attwidth Sync="TRUE">50</attwidth><atprecis Sync="TRUE">0</atprecis><attscale Sync="TRUE">0</attscale></attr><attr><attrlabl Sync="TRUE">DATESTAMP</attrlabl><attalias Sync="TRUE">DATESTAMP</attalias><attrtype Sync="TRUE">String</attrtype><attwidth Sync="TRUE">50</attwidth><atprecis Sync="TRUE">0</atprecis><attscale Sync="TRUE">0</attscale></attr><attr><attrlabl Sync="TRUE">Status</attrlabl><attalias Sync="TRUE">Status</attalias><attrtype Sync="TRUE">String</attrtype><attwidth Sync="TRUE">10</attwidth><atprecis Sync="TRUE">0</atprecis><attscale Sync="TRUE">0</attscale></attr><attr><attrlabl Sync="TRUE">Shape_STAr</attrlabl><attalias Sync="TRUE">Shape_STAr</attalias><attrtype Sync="TRUE">Double</attrtype><attwidth Sync="TRUE">19</attwidth><atprecis Sync="TRUE">0</atprecis><attscale Sync="TRUE">0</attscale></attr><attr><attrlabl Sync="TRUE">Shape_STLe</attrlabl><attalias Sync="TRUE">Shape_STLe</attalias><attrtype Sync="TRUE">Double</attrtype><attwidth Sync="TRUE">19</attwidth><atprecis Sync="TRUE">0</atprecis><attscale Sync="TRUE">0</attscale></attr></detailed></eainfo><mdFileID>032890e63070402393abe4dd78233420</mdFileID><distInfo xmlns=""><distTranOps xmlns=""><onLineSrc><linkage>https://mapit.fortworthtexas.gov/ags/rest/services/CIVIC/OpenData_Boundaries/MapServer/6</linkage></onLineSrc><transSize Sync="TRUE">0.000</transSize></distTranOps><distFormat xmlns=""><formatName>Feature Service</formatName><formatVer>10.9.1</formatVer></distFormat></distInfo><dataIdInfo><idCitation xmlns=""><resTitle>ADM_NEIGHBORHOOD_ORGS</resTitle><date><createDate>2025-04-10T19:29:57</createDate><reviseDate>2025-08-14T15:28:00</reviseDate></date><presForm xmlns=""><PresFormCd value="005" Sync="TRUE"/></presForm></idCitation><searchKeys><keyword>Homeowners Association</keyword><keyword>HOA</keyword><keyword>Fort Worth</keyword><keyword>Neighborhood Organization</keyword><keyword>Neighborhood Association</keyword></searchKeys><idPurp>Registered Neighborhood Organizations within Fort Worth City Limits or the Extraterritorial Jurisdiction (ETJ). Data is filtered to display active organizations. This data is updated as new organizations register with the City.</idPurp><idAbs>&lt;DIV STYLE="text-align:Left;"&gt;&lt;DIV&gt;&lt;DIV&gt;&lt;P&gt;&lt;SPAN&gt;The City maintains a registry of neighborhood organizations to facilitate the distribution of important information, including Courtesy Zoning Notifications. Registration with the City is not required, but highly recommended. For more about registration, see Communications and Public Engagement Department's &lt;/SPAN&gt;&lt;A href="https://www.fortworthtexas.gov/departments/communications/engagement/community-support" STYLE="text-decoration:underline;"&gt;&lt;SPAN&gt;Community Organization Support&lt;/SPAN&gt;&lt;/A&gt;&lt;SPAN&gt; page. &lt;/SPAN&gt;&lt;/P&gt;&lt;P&gt;&lt;SPAN&gt;This data represents both Voluntary Neighborhood Organizations and Mandatory Neighborhood Organizations&lt;/SPAN&gt;&lt;/P&gt;&lt;P&gt;&lt;SPAN&gt;A &lt;/SPAN&gt;&lt;SPAN STYLE="font-weight:bold;"&gt;Voluntary Neighborhood Association &lt;/SPAN&gt;&lt;SPAN&gt;is an organization that represents all residents in the neighborhood and operates through an open, democratic process to improve or maintain the overall quality of life for all individuals within those boundaries. Membership in a voluntary neighborhood association is open to all the residents in the neighborhood but participation is optional.&lt;/SPAN&gt;&lt;/P&gt;&lt;P&gt;&lt;SPAN STYLE="font-weight:bold;"&gt;Mandatory Neighborhood Associations &lt;/SPAN&gt;&lt;SPAN&gt;are established to maintain common areas and enforce private deed restrictions. Unlike a Voluntary Association, membership in the association is not optional. When an individual purchases property within a mandatory association, the individual automatically becomes a member. These organizations are often called HOAs.&lt;/SPAN&gt;&lt;/P&gt;&lt;P&gt;&lt;SPAN&gt;This data is maintained by the Communications and Public Engagement Department and is updated as new organizations register with the city.&lt;/SPAN&gt;&lt;/P&gt;&lt;/DIV&gt;&lt;/DIV&gt;&lt;/DIV&gt;</idAbs><idCredit>Communications &amp; Public Engagement Department</idCredit><resConst><Consts xmlns=""><useLimit>&lt;DIV STYLE="text-align:Left;"&gt;&lt;DIV&gt;&lt;DIV&gt;&lt;P&gt;&lt;SPAN&gt;Public&lt;/SPAN&gt;&lt;/P&gt;&lt;/DIV&gt;&lt;/DIV&gt;&lt;/DIV&gt;</useLimit></Consts></resConst><dataExt xmlns=""><geoEle><GeoBndBox><westBL Sync="FALSE">-97.6485</westBL><eastBL Sync="FALSE">-97.0789</eastBL><northBL Sync="FALSE">33.0518</northBL><southBL Sync="FALSE">32.5769</southBL><exTypeCode Sync="TRUE">1</exTypeCode></GeoBndBox></geoEle></dataExt><envirDesc Sync="TRUE"> Version 6.2 (Build 9200) ; Esri ArcGIS 10.8.1.14362</envirDesc><dataLang><languageCode value="eng" Sync="TRUE"/><countryCode value="USA" Sync="TRUE"/></dataLang><spatRpType><SpatRepTypCd value="001" Sync="TRUE"/></spatRpType><dataExt xmlns=""><geoEle xmlns=""><GeoBndBox esriExtentType="search"><exTypeCode Sync="TRUE">1</exTypeCode><westBL Sync="TRUE">-97.648473</westBL><eastBL Sync="TRUE">-97.078877</eastBL><northBL Sync="TRUE">33.051781</northBL><southBL Sync="TRUE">32.576868</southBL></GeoBndBox></geoEle></dataExt><dataChar><CharSetCd value="004"/></dataChar><idPoC xmlns=""><rpIndName>Tracy Edwards</rpIndName><rpOrgName>Communication and Public Engagement</rpOrgName><role><RoleCd value="003"/></role><rpCntInfo xmlns=""><cntAddress addressType=""><eMailAdd>tracy.edwards@fortworthtexas.gov</eMailAdd></cntAddress></rpCntInfo><displayName>Tracy Edwards</displayName></idPoC><resMaint xmlns=""><maintFreq><MaintFreqCd value="009"/></maintFreq><maintCont xmlns=""><rpIndName>Tracy Edwards</rpIndName><rpOrgName>Communication and Public Engagement</rpOrgName><role><RoleCd value="003"/></role><rpCntInfo><cntAddress addressType=""><eMailAdd>tracy.edwards@fortworthtexas.gov</eMailAdd></cntAddress></rpCntInfo><displayName>Tracy Edwards</displayName><editorSave>False</editorSave><displayName>Tracy Edwards</displayName></maintCont></resMaint><tpCat><TopicCatCd value="003"/></tpCat><tpCat><TopicCatCd value="016"/></tpCat></dataIdInfo><mdLang><languageCode value="eng" Sync="TRUE"/><countryCode value="USA" Sync="TRUE"/></mdLang><mdHrLv><ScopeCd value="005" Sync="TRUE"/></mdHrLv><mdHrLvName Sync="TRUE">dataset</mdHrLvName><refSysInfo><RefSystem dimension=""><refSysID xmlns=""><identCode code="2276" Sync="TRUE"/><idCodeSpace Sync="TRUE">EPSG</idCodeSpace><idVersion Sync="TRUE">5.3(9.0.0)</idVersion></refSysID></RefSystem></refSysInfo><spatRepInfo><VectSpatRep><geometObjs Name="ADM_NEIGHBORHOOD_ORGS"><geoObjTyp><GeoObjTypCd value="002" Sync="TRUE"></GeoObjTypCd></geoObjTyp><geoObjCnt Sync="TRUE">0</geoObjCnt></geometObjs><topLvl><TopoLevCd value="001" Sync="TRUE"></TopoLevCd></topLvl></VectSpatRep></spatRepInfo><spdoinfo><ptvctinf><esriterm Name="ADM_NEIGHBORHOOD_ORGS"><efeatyp Sync="TRUE">Simple</efeatyp><efeageom code="4" Sync="TRUE"></efeageom><esritopo Sync="TRUE">FALSE</esritopo><efeacnt Sync="TRUE">0</efeacnt><spindex Sync="TRUE">FALSE</spindex><linrefer Sync="TRUE">FALSE</linrefer></esriterm></ptvctinf></spdoinfo><mdDateSt Sync="TRUE">20260128</mdDateSt><mdContact xmlns=""><rpIndName>Tracy Edwards</rpIndName><rpOrgName>Communication and Public Engagement</rpOrgName><role><RoleCd value="003"/></role><rpCntInfo xmlns=""><cntAddress addressType=""><eMailAdd>tracy.edwards@fortworthtexas.gov</eMailAdd></cntAddress></rpCntInfo></mdContact><mdMaint xmlns=""><maintFreq><MaintFreqCd value="009"/></maintFreq><maintCont xmlns=""><rpIndName>Tracy Edwards</rpIndName><rpOrgName>Communication and Public Engagement</rpOrgName><role><RoleCd value="003"/></role><rpCntInfo><cntAddress addressType=""><eMailAdd>tracy.edwards@fortworthtexas.gov</eMailAdd></cntAddress></rpCntInfo><displayName>Tracy Edwards</displayName></maintCont></mdMaint><dqInfo xmlns=""><dqScope><scpLvl><ScopeCd value="005"/></scpLvl></dqScope><dataLineage><statement>Manually updated by Communications and Public Engagement staff as new organizations register.</statement></dataLineage></dqInfo></metadata>
